BRT_ID,BRT_DIRECTION,BRT_CLASS,BRN_IN_OCCURYMDHMS,BRN_OUT_OCCURYMDHMS,BNODE_KNAME,BNODE_X,BNODE_Y
360,역방향,0,2021-11-03 10:14:48,2021-11-03 10:15:32,북삼중학교,128.3432451,36.07129395
23,순환,0,2021-11-03 10:14:50,2021-11-03 10:16:47,터미널네거리,128.434978,36.15415266
53,역방향,0,2021-11-03 10:14:56,2021-11-03 10:16:41,구미종합터미널건너,128.3508489,36.12267599
53-1,역방향,1,2021-11-03 10:15:05,2021-11-03 10:16:03,아포한마음아파트건너,128.2630024,36.15881109
187,순환,0,2021-11-03 10:15:08,2021-11-03 10:15:32,동아백화점앞,128.3483751,36.11983363
140,순환,0,2021-11-03 10:15:11,2021-11-03 10:15:32,엘지PDP옆A,128.3821975,36.11022453
884,정방향,0,2021-11-03 10:15:11,2021-11-03 10:15:28,삼학리입구,128.4906043,36.10530392
195,정방향,0,2021-11-03 10:15:13,2021-11-03 10:15:23,구미경찰서건너,128.3626142,36.11631541
24,순환,0,2021-11-03 10:15:16,2021-11-03 10:15:30,원평2동행정복지센터건너,128.325838,36.13129062
884-1,역방향,1,2021-11-03 10:15:18,2021-11-03 10:15:26,롯데마트앞,128.3640135,36.11334734
340,순환,0,2021-11-03 10:15:19,2021-11-03 10:15:41,농협,128.3331997,36.12802335
11,정방향,4,2021-11-03 10:15:20,2021-11-03 10:15:30,금오시장 건너,128.339623,36.12527783
185,역방향,0,2021-11-03 10:15:20,2021-11-03 10:15:31,비산초등건너,128.3736036,36.11966161
885,역방향,0,2021-11-03 10:15:20,2021-11-03 10:15:37,다부리 전적기념관,128.5206211,36.04629405
90,역방향,0,2021-11-03 10:15:25,2021-11-03 10:15:34,괴곡2리(괴곡1리방면),128.4081792,36.17740948
111,역방향,0,2021-11-03 10:15:25,2021-11-03 10:15:51,롯데마트앞,128.3640135,36.11334734
53,정방향,3,2021-11-03 10:15:26,2021-11-03 10:15:49,도량2동(미소지움아파트건너방면),128.3215169,36.13773999
380,역방향,0,2021-11-03 10:15:27,2021-11-03 10:15:33,수도가압장(SK실트론건너방면),128.4148276,36.1112048
360,정방향,0,2021-11-03 10:15:27,2021-11-03 10:15:35,상모우방2단지앞,128.3568039,36.08377758
170,역방향,2,2021-11-03 10:15:28,2021-11-03 10:15:35,문성새마을(농산물도매시장방면),128.3499926,36.1503062
5200,역방향,0,2021-11-03 10:15:28,2021-11-03 10:15:46,용시(김천행),128.172616,36.11969057
174,정방향,0,2021-11-03 10:15:28,2021-11-03 10:16:04,오로삼거리,128.3206178,36.21456073
90,역방향,1,2021-11-03 10:15:29,2021-11-03 10:15:43,인동농협양포지점 건너,128.416775,36.14695737
181,정방향,0,2021-11-03 10:15:30,2021-11-03 10:15:36,LS전선,128.3879817,36.11076285
53,정방향,1,2021-11-03 10:15:30,2021-11-03 10:16:32,부곡장지터(부곡진줄방면),128.2954782,36.14614397
10,역방향,0,2021-11-03 10:15:31,2021-11-03 10:15:55,황상현대아파트앞,128.4236464,36.11085496
360,정방향,0,2021-11-03 10:15:32,2021-11-03 10:15:42,형곡네거리,128.3387627,36.11679033
192,역방향,0,2021-11-03 10:15:33,2021-11-03 10:16:07,금오공대종점,128.3943957,36.14317057
140,순환,0,2021-11-03 10:15:34,2021-11-03 10:16:17,송정동번개시장건너,128.3405662,36.1212612
184,역방향,0,2021-11-03 10:15:34,2021-11-03 10:15:40,터미널네거리(송원고가밑방면),128.3482793,36.12230851
111,역방향,0,2021-11-03 10:15:35,2021-11-03 10:15:46,상모농협건너,128.3586395,36.08871377
92,정방향,0,2021-11-03 10:15:35,2021-11-03 10:15:41,엘지이노텍건너,128.4135597,36.12678134
195,정방향,0,2021-11-03 10:15:35,2021-11-03 10:15:57,롯데마트건너,128.3632289,36.11409104
890,정방향,0,2021-11-03 10:15:36,2021-11-03 10:15:43,문량리(오상리방면),128.3983206,36.18257178
57,정방향,0,2021-11-03 10:15:37,2021-11-03 10:17:42,금오산사거리,128.3358796,36.12688792
340-2,순환,6,2021-11-03 10:15:38,2021-11-03 10:15:48,강산타운아파트앞,128.3596194,36.12132193
884-1,역방향,1,2021-11-03 10:15:39,2021-11-03 10:15:47,구미경찰서,128.3632418,36.11616768
101,순환,0,2021-11-03 10:15:39,2021-11-03 10:15:51,삼도뷰앤빌건너삼거리,128.363956,36.08702075
162,정방향,0,2021-11-03 10:15:40,2021-11-03 10:15:48,태광산업,128.3767277,36.09903962
160,정방향,1,2021-11-03 10:15:41,2021-11-03 10:15:50,인평2리마을회관건너,128.3377454,36.06065676
5100,역방향,0,2021-11-03 10:15:42,2021-11-03 10:15:52,삼각로타리(성남교방면),128.1238468,36.11948679
11,정방향,4,2021-11-03 10:15:42,2021-11-03 10:16:17,송원고가밑(터미널네거리방면),128.3421501,36.12386997
380,정방향,0,2021-11-03 10:15:43,2021-11-03 10:16:10,e편한세상 금오파크정문,128.3541565,36.10511115
196,정방향,0,2021-11-03 10:15:43,2021-11-03 10:15:51,옥계중학교건너,128.4114203,36.13640645
380,역방향,0,2021-11-03 10:15:44,2021-11-03 10:15:50,SK실트론1공장,128.4117341,36.11117266
90,정방향,0,2021-11-03 10:15:44,2021-11-03 10:15:56,인동농협양포지점 건너,128.416775,36.14695737
181,역방향,0,2021-11-03 10:15:44,2021-11-03 10:16:01,구미경찰서,128.3632418,36.11616768
340,순환,0,2021-11-03 10:15:45,2021-11-03 10:16:09,형곡초등학교건너,128.3393659,36.10978231
26,역방향,0,2021-11-03 10:15:45,2021-11-03 10:16:05,원평119안전센터,128.3404408,36.12891423
53-1,정방향,1,2021-11-03 10:15:46,2021-11-03 10:15:59,성의중고앞,128.1369252,36.11657923
900,역방향,0,2021-11-03 10:15:47,2021-11-03 10:16:59,삼구아파트,128.4207092,36.13846753
555-1,역방향,0,2021-11-03 10:15:47,2021-11-03 10:15:55,초곡리(용전입구방면),128.1842217,36.13913893
170,정방향,2,2021-11-03 10:15:47,2021-11-03 10:16:14,예강1리(고아119안전센터앞),128.3396784,36.19970071
160,정방향,0,2021-11-03 10:15:48,2021-11-03 10:15:58,KBS네거리,128.434978,36.15415266
11,정방향,4,2021-11-03 10:15:48,2021-11-03 10:15:54,무림2리건너,128.3801655,36.02448643
340-4,순환,5,2021-11-03 10:15:49,2021-11-03 10:16:13,복지상가건너,128.3854622,36.10307033
27,역방향,0,2021-11-03 10:15:50,2021-11-03 10:16:04,대구은행앞,128.3356625,36.12718339
411,순환,0,2021-11-03 10:15:50,2021-11-03 10:16:13,농협,128.3331997,36.12802335
21,순환,0,2021-11-03 10:15:51,2021-11-03 10:16:50,제2구미교네거리,128.434978,36.15415266
186,정방향,0,2021-11-03 10:15:52,2021-11-03 10:15:59,형곡금호어울림앞,128.338457,36.11941619
91,역방향,0,2021-11-03 10:15:53,2021-11-03 10:16:21,황상중앙시장입구,128.4247959,36.113235
10,역방향,0,2021-11-03 10:15:53,2021-11-03 10:16:15,중리,128.4112894,36.0800779
111,정방향,0,2021-11-03 10:15:53,2021-11-03 10:16:00,오태2동입구건너,128.3572847,36.08289022
170,정방향,2,2021-11-03 10:15:54,2021-11-03 10:16:20,원평동(대구은행앞방면),128.3375163,36.12802591
380,역방향,0,2021-11-03 10:15:54,2021-11-03 10:16:05,형남중학교앞,128.3359752,36.10381637
881,정방향,0,2021-11-03 10:15:54,2021-11-03 10:16:01,LG디스플레이정문,128.4068363,36.11080917
360,역방향,0,2021-11-03 10:15:56,2021-11-03 10:16:12,송정여중입구건너,128.3482761,36.1156004
340,순환,0,2021-11-03 10:15:57,2021-11-03 10:16:08,푸르지오캐슬A단지,128.3374574,36.12389806
185,역방향,0,2021-11-03 10:15:58,2021-11-03 10:16:31,비산사거리(금오공대아파트건너),128.3712286,36.12048045
188,순환,0,2021-11-03 10:15:58,2021-11-03 10:16:26,강동병원앞,128.423873,36.09574398
20,순환,0,2021-11-03 10:15:59,2021-11-03 10:16:23,미소지움아파트앞,128.3238455,36.1344027
184,역방향,0,2021-11-03 10:16:00,2021-11-03 10:16:18,송원고가밑(구미역방면),128.3439691,36.12341245
411,순환,0,2021-11-03 10:16:00,2021-11-03 10:16:10,시청후문건너,128.3442194,36.12059897
340,순환,0,2021-11-03 10:16:00,2021-11-03 10:16:50,금오산사거리,128.3358796,36.12688792
187,순환,0,2021-11-03 10:16:00,2021-11-03 10:16:29,오성예식장앞,128.351442,36.12119339
5200,역방향,0,2021-11-03 10:16:01,2021-11-03 10:16:06,에듀파크앞,128.172267,36.121453
340,순환,0,2021-11-03 10:16:01,2021-11-03 10:16:18,송정여중입구건너,128.3482761,36.1156004
380,역방향,0,2021-11-03 10:16:01,2021-11-03 10:16:07,"엘지디스플레이,공장",128.4086556,36.1111251
555-1,정방향,0,2021-11-03 10:16:02,2021-11-03 10:16:08,용전,128.1817609,36.1309744
10,역방향,0,2021-11-03 10:16:02,2021-11-03 10:16:12,황상신화아파트앞,128.4215948,36.11084456
171,역방향,0,2021-11-03 10:16:02,2021-11-03 10:16:31,형곡금호어울림앞,128.338457,36.11941619
92,정방향,0,2021-11-03 10:16:03,2021-11-03 10:17:16,성원아파트앞,128.4158753,36.12879299
24,순환,0,2021-11-03 10:16:06,2021-11-03 10:16:13,원평2동산업도로(도량교방면),128.3278393,36.13316801
196,역방향,0,2021-11-03 10:16:06,2021-11-03 10:16:14,골드디움아파트,128.4349231,36.15688373
90,역방향,0,2021-11-03 10:16:06,2021-11-03 10:16:13,괴곡1리(괴곡3거리방면),128.4134956,36.17264163
90,역방향,1,2021-11-03 10:16:07,2021-11-03 10:17:29,옥계대백타운입구(4공단방면),128.4186153,36.14641877
111,역방향,0,2021-11-03 10:16:08,2021-11-03 10:16:15,구미경찰서,128.3632418,36.11616768
11,역방향,0,2021-11-03 10:16:09,2021-11-03 10:17:04,왜관북부,128.3989562,35.99706819
340-2,순환,6,2021-11-03 10:16:09,2021-11-03 10:16:37,신평파출소앞,128.3615389,36.12200899
170,역방향,2,2021-11-03 10:16:09,2021-11-03 10:16:16,농산물도매시장건너,128.3522145,36.15636663
196,정방향,0,2021-11-03 10:16:11,2021-11-03 10:16:38,옥계대우아파트건너,128.4150098,36.13692861
24,순환,0,2021-11-03 10:16:11,2021-11-03 10:16:37,청솔아파트앞,128.3484025,36.16138991
404,순환,1,2021-11-03 10:16:15,2021-11-03 10:16:23,옥계휴먼시아건너,128.4238708,36.14226215
80,역방향,0,2021-11-03 10:16:15,2021-11-03 10:16:36,경운대학교입구(교외방면),128.4664116,36.16240128
140,순환,0,2021-11-03 10:16:15,2021-11-03 10:16:41,공단본부앞,128.3790454,36.11108779
890,정방향,0,2021-11-03 10:16:17,2021-11-03 10:16:25,오상리(오상리새마을금고앞방면),128.3976914,36.1868631
80,역방향,0,2021-11-03 10:16:19,2021-11-03 10:16:42,경운대학교입구(교외방면),128.4664116,36.16240128
881,정방향,0,2021-11-03 10:16:20,2021-11-03 10:16:26,삼성에스디에스,128.4110913,36.11079502
5100,역방향,0,2021-11-03 10:16:22,2021-11-03 10:16:32,성남교,128.1199257,36.1209813
11,역방향,0,2021-11-03 10:16:23,2021-11-03 10:16:51,북삼로입구건너,128.3444078,36.06734782
360,역방향,0,2021-11-03 10:16:23,2021-11-03 10:16:31,사곡동(보성황실2차아파트방면),128.358915,36.09663814
162,정방향,0,2021-11-03 10:16:24,2021-11-03 10:16:31,영남에너지서비스앞,128.3767635,36.09359446
380,역방향,0,2021-11-03 10:16:24,2021-11-03 10:16:39,구미전자공고입구,128.4040831,36.11118287
24,순환,0,2021-11-03 10:16:24,2021-11-03 10:16:52,청솔아파트건너,128.3482366,36.16125858
173,정방향,0,2021-11-03 10:16:27,2021-11-03 10:17:17,봉한2리(봉한1리방면),128.3508164,36.18119253
111,역방향,0,2021-11-03 10:16:28,2021-11-03 10:16:35,무림2리입구,128.3803476,36.02461772
160,정방향,1,2021-11-03 10:16:31,2021-11-03 10:16:45,북삼농협건너,128.3434622,36.06121478
186,정방향,0,2021-11-03 10:16:32,2021-11-03 10:16:52,형곡네거리,128.3387627,36.11679033
53,정방향,3,2021-11-03 10:16:33,2021-11-03 10:16:44,미소지움아파트건너,128.3235922,36.13443409
881,정방향,0,2021-11-03 10:16:33,2021-11-03 10:16:39,수도가압장건너편,128.413383,36.11080431
340-4,순환,5,2021-11-03 10:16:33,2021-11-03 10:16:41,평생교육원건너,128.3854672,36.10623281
193,역방향,0,2021-11-03 10:16:34,2021-11-03 10:16:42,금오공대입구(금오공대종점방면),128.3971135,36.13929449
91,역방향,0,2021-11-03 10:16:35,2021-11-03 10:16:42,황상주공복합상가건너,128.4249079,36.11535604
95-1,정방향,0,2021-11-03 10:16:35,2021-11-03 10:16:42,효성티앤에스건너,128.4104658,36.12423358
160,역방향,0,2021-11-03 10:16:38,2021-11-03 10:17:08,롯데마트앞,128.3640135,36.11334734
10,정방향,0,2021-11-03 10:16:40,2021-11-03 10:16:54,남광하우스토리건너,128.4005643,36.07841638
340,순환,0,2021-11-03 10:16:42,2021-11-03 10:16:59,형곡4주공네거리(차병원앞방면),128.3395159,36.11280649
555-1,역방향,0,2021-11-03 10:16:42,2021-11-03 10:16:49,용전입구,128.1810689,36.13067798
120,역방향,0,2021-11-03 10:16:44,2021-11-03 10:17:04,중리교,128.4116981,36.07506206
188,순환,0,2021-11-03 10:16:44,2021-11-03 10:17:18,진평미래타운입구,128.4252631,36.09378344
90,역방향,0,2021-11-03 10:16:44,2021-11-03 10:16:54,괴곡3거리,128.415797,36.16706951
53-1,정방향,1,2021-11-03 10:16:45,2021-11-03 10:17:13,지좌동(문성중학교방면),128.1421158,36.11823444
185,정방향,0,2021-11-03 10:16:46,2021-11-03 10:17:17,인동정류장(인동중학교방면),128.4225408,36.10810664
192,역방향,0,2021-11-03 10:16:46,2021-11-03 10:16:57,금오공대입구(옥계중학교방면),128.3967393,36.13948442
27,역방향,0,2021-11-03 10:16:46,2021-11-03 10:17:32,구미역 전(국민은행),128.3322865,36.12861582
190,정방향,0,2021-11-03 10:16:46,2021-11-03 10:17:17,신평시장,128.3634936,36.12302785
196,역방향,0,2021-11-03 10:16:46,2021-11-03 10:16:53,신당리(옥계우미린아파트건너방면),128.433323,36.15207098
91,정방향,0,2021-11-03 10:16:47,2021-11-03 10:16:57,금오공대입구(금오공대종점방면),128.3971135,36.13929449
162,정방향,0,2021-11-03 10:16:47,2021-11-03 10:16:59,금오레미콘앞,128.3768441,36.09052882
11,정방향,4,2021-11-03 10:16:48,2021-11-03 10:16:57,터미널네거리(오성예식장앞방면),128.3478662,36.12222128
380,정방향,0,2021-11-03 10:16:49,2021-11-03 10:17:15,사곡전원리빙필건너,128.3572649,36.10141015
80,역방향,0,2021-11-03 10:16:50,2021-11-03 10:16:57,의우총입구,128.4633856,36.16305964
360,역방향,0,2021-11-03 10:16:50,2021-11-03 10:17:19,반석드림빌건너,128.3440576,36.11629523
91,역방향,0,2021-11-03 10:16:52,2021-11-03 10:17:14,황상1주공건너,128.4252035,36.11690724
170,역방향,2,2021-11-03 10:16:52,2021-11-03 10:17:28,문성3리(낙동강부대건너방면),128.3533449,36.16127932
410,순환,0,2021-11-03 10:16:52,2021-11-03 10:17:17,삼도뷰앤빌건너삼거리,128.363956,36.08702075
21,순환,0,2021-11-03 10:16:52,2021-11-03 10:17:01,원평2동행정복지센터앞,128.3248932,36.13146971
380,정방향,0,2021-11-03 10:16:53,2021-11-03 10:17:17,인동중학교앞,128.4256927,36.10884636
340,순환,0,2021-11-03 10:16:53,2021-11-03 10:17:06,반석드림빌건너,128.3440576,36.11629523
170,정방향,2,2021-11-03 10:16:57,2021-11-03 10:17:16,대구은행앞,128.3356625,36.12718339
80,역방향,0,2021-11-03 10:16:57,2021-11-03 10:17:05,의우총입구,128.4633856,36.16305964
360,역방향,0,2021-11-03 10:16:58,2021-11-03 10:17:40,창신아파트건너,128.3475691,36.06976806
20,순환,0,2021-11-03 10:16:58,2021-11-03 10:17:05,도량2동입구(도량성당방면),128.3260604,36.13721159
890,정방향,0,2021-11-03 10:16:58,2021-11-03 10:17:07,오상리새마을금고앞(해평정류장방면),128.395355,36.19037809
380,역방향,0,2021-11-03 10:16:59,2021-11-03 10:18:03,시영아파트건너,128.3350051,36.10445976
171,역방향,0,2021-11-03 10:17:00,2021-11-03 10:17:07,낙동강부대건너,128.3543317,36.16987051
24,순환,0,2021-11-03 10:17:00,2021-11-03 10:17:27,경남아너스빌앞,128.3444044,36.16076243
411,순환,0,2021-11-03 10:17:00,2021-11-03 10:17:23,금오산사거리,128.3358796,36.12688792
53,역방향,0,2021-11-03 10:17:01,2021-11-03 10:17:10,터미널네거리(송원고가밑방면),128.3482793,36.12230851
140,순환,0,2021-11-03 10:17:01,2021-11-03 10:17:27,구미종합터미널건너,128.3508489,36.12267599
23,순환,0,2021-11-03 10:17:02,2021-11-03 10:17:25,동아백화점건너,128.3483332,36.12013148
60,순환,0,2021-11-03 10:17:02,2021-11-03 10:17:16,소망빌라건너,128.3492902,36.06663916
53-1,역방향,1,2021-11-03 10:17:03,2021-11-03 10:17:13,아포역(아포파출소앞),128.2577681,36.15970063
181,정방향,0,2021-11-03 10:17:04,2021-11-03 10:17:10,동락공원입구,128.4038217,36.11085492
185,역방향,0,2021-11-03 10:17:04,2021-11-03 10:18:07,신평e편한세상아파트,128.3668432,36.12212555
180,역방향,0,2021-11-03 10:17:05,2021-11-03 10:17:29,동아백화점건너,128.3483332,36.12013148
52-1,역방향,0,2021-11-03 10:17:05,2021-11-03 10:17:12,야동(야동인2리방면),128.2550082,36.17208426
404,순환,1,2021-11-03 10:17:08,2021-11-03 10:17:29,삼구아파트,128.4207092,36.13846753
53,정방향,1,2021-11-03 10:17:08,2021-11-03 10:17:14,부곡진줄(부곡새마을방면),128.3025594,36.14371457
160,정방향,0,2021-11-03 10:17:08,2021-11-03 10:17:18,구미IC네거리,128.3601083,36.119205
11,정방향,4,2021-11-03 10:17:09,2021-11-03 10:17:21,관호1리,128.3863467,36.01791455
10,역방향,0,2021-11-03 10:17:09,2021-11-03 10:17:16,TK케미칼3공장앞,128.4065602,36.08107361
24,순환,0,2021-11-03 10:17:10,2021-11-03 10:17:17,태왕아너스아파트건너,128.3512814,36.16223624
111,정방향,0,2021-11-03 10:17:11,2021-11-03 10:17:39,구미IC네거리,128.3601083,36.119205
90,정방향,0,2021-11-03 10:17:11,2021-11-03 10:17:18,흥안골 입구 건너,128.4153036,36.15512813
555-1,정방향,0,2021-11-03 10:17:12,2021-11-03 10:17:17,초곡리(서원입구방면),128.1849817,36.1412226
360,정방향,0,2021-11-03 10:17:12,2021-11-03 10:17:19,남구미자동차학원건너,128.3535503,36.07928507
140,순환,0,2021-11-03 10:17:13,2021-11-03 10:17:17,LG유니참앞,128.374568,36.11108251
884-1,역방향,1,2021-11-03 10:17:13,2021-11-03 10:17:21,구미IC네거리,128.3605576,36.1195893
380,정방향,0,2021-11-03 10:17:14,2021-11-03 10:20:15,구미역,128.3293215,36.12963461
95-1,정방향,0,2021-11-03 10:17:15,2021-11-03 10:17:35,엘지이노텍건너,128.4135597,36.12678134
193,역방향,0,2021-11-03 10:17:18,2021-11-03 10:17:37,금오공대종점,128.3943957,36.14317057
360,정방향,0,2021-11-03 10:17:19,2021-11-03 10:17:29,동우그린파크,128.3360182,36.11660504
110,정방향,0,2021-11-03 10:17:20,2021-11-03 10:17:29,구미IC네거리,128.3601083,36.119205
111,정방향,0,2021-11-03 10:17:20,2021-11-03 10:17:31,남구미자동차학원건너,128.3535503,36.07928507
410,순환,0,2021-11-03 10:17:20,2021-11-03 10:20:17,구미역,128.3293215,36.12963461
340,순환,0,2021-11-03 10:17:20,2021-11-03 10:17:57,차병원앞,128.3403246,36.11480976
80,역방향,0,2021-11-03 10:17:20,2021-11-03 10:20:05,경운대학교,128.4677203,36.16706214
111,역방향,0,2021-11-03 10:17:22,2021-11-03 10:17:33,구미IC네거리,128.3605576,36.1195893
53,정방향,1,2021-11-03 10:17:22,2021-11-03 10:17:29,부곡새마을(봉곡네거리방면),128.3050324,36.14307181
11-5,순환,0,2021-11-03 10:17:22,2021-11-03 10:19:22,왜관남부,128.399622,35.9889
380,정방향,0,2021-11-03 10:17:23,2021-11-03 10:17:40,황상동입구(황상현대아파트방면),128.4256459,36.11041644
171,정방향,0,2021-11-03 10:17:23,2021-11-03 10:17:47,시청정문앞,128.3453448,36.11820483
170,역방향,2,2021-11-03 10:17:23,2021-11-03 10:20:36,구미역(선산노선정류장),128.3295658,36.12953268
52-1,역방향,0,2021-11-03 10:17:24,2021-11-03 10:17:31,야동인2리,128.2556331,36.1751112
10,역방향,0,2021-11-03 10:17:24,2021-11-03 10:17:32,수도가압장(SK실트론건너방면),128.4148276,36.1112048
10,정방향,0,2021-11-03 10:17:26,2021-11-03 10:17:34,석적농협맞은편,128.394918,36.0762354
340-4,순환,5,2021-11-03 10:17:26,2021-11-03 10:17:35,세무서네거리,128.38555399,36.11198279
360,정방향,0,2021-11-03 10:17:27,2021-11-03 10:17:32,남구미요양병원건너,128.3520826,36.0778876
111,역방향,0,2021-11-03 10:17:27,2021-11-03 10:17:35,약목고등학교입구건너,128.3764889,36.02707189
192,역방향,0,2021-11-03 10:17:28,2021-11-03 10:17:36,일이삼철강 건너,128.3964238,36.13473591
186,정방향,0,2021-11-03 10:17:28,2021-11-03 10:17:39,동우그린파크,128.3360182,36.11660504
24,순환,0,2021-11-03 10:17:29,2021-11-03 10:17:36,구미가톨릭요양병원,128.3349366,36.13469703
111,역방향,0,2021-11-03 10:17:29,2021-11-03 10:17:38,상모중학교,128.3588799,36.09094859
74-4,순환,0,2021-11-03 10:17:29,2021-11-03 10:17:36,태완노블리안정문건너,128.3058566,36.2469351
120,역방향,0,2021-11-03 10:17:30,2021-11-03 10:17:37,장곡중학교입구,128.4159448,36.07471799
20,순환,0,2021-11-03 10:17:30,2021-11-03 10:17:42,도량성당,128.3310614,36.1360007
92,정방향,0,2021-11-03 10:17:30,2021-11-03 10:17:36,구포전원타운앞,128.4165332,36.13126127
190,정방향,0,2021-11-03 10:17:31,2021-11-03 10:18:16,신평우석아파트,128.366184,36.12210227
53,역방향,0,2021-11-03 10:17:31,2021-11-03 10:17:38,송원고가밑(구미역방면),128.3439691,36.12341245
160,역방향,0,2021-11-03 10:17:32,2021-11-03 10:17:58,구미경찰서,128.3632418,36.11616768
21,순환,0,2021-11-03 10:17:33,2021-11-03 10:17:42,구미역,128.3293215,36.12963461
20,순환,0,2021-11-03 10:17:33,2021-11-03 10:18:01,소로골네거리(롯데리아건너),128.3241011,36.13852913
411,순환,0,2021-11-03 10:17:33,2021-11-03 10:17:58,송정동번개시장앞,128.3400031,36.12189624
340,순환,0,2021-11-03 10:17:34,2021-11-03 10:17:45,푸르지오캐슬B단지,128.3361004,36.12470868
173,정방향,0,2021-11-03 10:17:35,2021-11-03 10:17:44,봉한1리(낙동강부대앞방면),128.3520036,36.17805156
111,정방향,0,2021-11-03 10:17:35,2021-11-03 10:17:43,남구미요양병원건너,128.3520826,36.0778876
340,순환,0,2021-11-03 10:17:36,2021-11-03 10:18:58,차병원건너,128.3402602,36.11493609
24,순환,0,2021-11-03 10:17:37,2021-11-03 10:17:46,도량교(구미남고방면),128.3323547,36.13463238
53,역방향,0,2021-11-03 10:17:38,2021-11-03 10:17:44,,128.434978,36.15415266
174,정방향,0,2021-11-03 10:17:38,2021-11-03 10:17:45,파산리(고아신촌방면),128.3081372,36.20774651
140,순환,0,2021-11-03 10:17:39,2021-11-03 10:17:47,KEC동편건너,128.3721008,36.11125193
196,정방향,0,2021-11-03 10:17:39,2021-11-03 10:18:41,4공단입구(옥계방면),128.4177662,36.13773879
900,역방향,0,2021-11-03 10:17:41,2021-11-03 10:18:01,4공단입구건너(인동농협옥계지점),128.4173574,36.13781552
196,역방향,0,2021-11-03 10:17:41,2021-11-03 10:17:48,육일씨엔에스건너,128.43065,36.148704
162,정방향,0,2021-11-03 10:17:41,2021-11-03 10:17:45,신창메디칼앞,128.3768462,36.08835329
884-1,역방향,1,2021-11-03 10:17:43,2021-11-03 10:17:48,KBS네거리,128.434978,36.15415266
188,순환,0,2021-11-03 10:17:43,2021-11-03 10:18:00,진평초등학교,128.4279755,36.09177818
90,역방향,0,2021-11-03 10:17:44,2021-11-03 10:17:52,적림구미마을건너,128.4254724,36.16697197
5200,역방향,0,2021-11-03 10:17:45,2021-11-03 10:17:48,덕곡동,128.1589236,36.11899543
27,역방향,0,2021-11-03 10:17:46,2021-11-03 10:18:31,구미역(중앙시장),128.3298341,36.12962183
170,정방향,2,2021-11-03 10:17:46,2021-11-03 10:18:12,구미역 전(국민은행),128.3322865,36.12861582
24,순환,0,2021-11-03 10:17:47,2021-11-03 10:18:20,문성3리(농산물도매시장방면),128.3528552,36.16068971
187,순환,0,2021-11-03 10:17:48,2021-11-03 10:17:54,롯데마트앞,128.3640135,36.11334734
360,역방향,0,2021-11-03 10:17:49,2021-11-03 10:19:11,차병원건너,128.3402602,36.11493609
20,순환,0,2021-11-03 10:17:49,2021-11-03 10:18:23,봉곡동대구은행건너,128.3127605,36.14943467
26,역방향,0,2021-11-03 10:17:51,2021-11-03 10:17:59,고려병원삼거리(구미종합터미널방면),128.3438231,36.12701593
160,정방향,0,2021-11-03 10:17:51,2021-11-03 10:17:58,구미경찰서건너,128.3626142,36.11631541
53,역방향,0,2021-11-03 10:17:51,2021-11-03 10:17:55,금오시장 입구,128.340973,36.12474098
70-1,순환,0,2021-11-03 10:17:51,2021-11-03 10:20:10,황산,128.2901779,36.21310012
101,순환,0,2021-11-03 10:17:52,2021-11-03 10:18:12,임은동(임오동행정복지센터건너방면),128.3666478,36.08824207
340,순환,0,2021-11-03 10:17:52,2021-11-03 10:18:13,가톨릭근로자문화센타,128.3378493,36.12327282
380,역방향,0,2021-11-03 10:17:54,2021-11-03 10:18:00,LS전선건너,128.3885097,36.11107825
5200,역방향,0,2021-11-03 10:17:55,2021-11-03 10:18:01,덕곡동앞,128.1571042,36.11786243
74-4,순환,0,2021-11-03 10:17:56,2021-11-03 10:18:00,교리e편한세상(생곡리방면),128.3061793,36.25021027
10,역방향,0,2021-11-03 10:17:56,2021-11-03 10:18:05,SK실트론1공장,128.4117341,36.11117266
110,정방향,0,2021-11-03 10:17:57,2021-11-03 10:18:03,구미경찰서건너,128.3626142,36.11631541
24,순환,0,2021-11-03 10:17:57,2021-11-03 10:18:03,지산네거리,128.3387282,36.13210382
57,정방향,0,2021-11-03 10:17:57,2021-11-03 10:18:03,원평동 행정복지센터 건너,128.3378738,36.12604377
340-4,순환,5,2021-11-03 10:17:58,2021-11-03 10:18:04,LIG넥스원앞,128.3855943,36.11576432
10,역방향,0,2021-11-03 10:17:58,2021-11-03 10:19:58,왜관남부,128.399622,35.9889
95-1,정방향,0,2021-11-03 10:17:58,2021-11-03 10:18:12,성원아파트앞,128.4158753,36.12879299
171,역방향,0,2021-11-03 10:17:58,2021-11-03 10:18:35,봉한1리(봉한2리방면),128.3521626,36.17849638
410,순환,0,2021-11-03 10:17:58,2021-11-03 10:18:27,임은동(임오동행정복지센터건너방면),128.3666478,36.08824207
10,역방향,0,2021-11-03 10:17:58,2021-11-03 10:18:05,하수종말처리장건너,128.4065024,36.08701223
140,순환,0,2021-11-03 10:17:59,2021-11-03 10:18:31,시청후문앞,128.3444543,36.12044819
53,역방향,0,2021-11-03 10:18:01,2021-11-03 10:18:08,원평동 행정복지 센터 앞,128.3388928,36.12581949
360,역방향,0,2021-11-03 10:18:01,2021-11-03 10:18:21,대동아파트,128.350038,36.07198502
23,순환,0,2021-11-03 10:18:03,2021-11-03 10:18:29,시청후문건너,128.3442194,36.12059897
884,정방향,0,2021-11-03 10:18:03,2021-11-03 10:18:06,신장2리(신장1리방면),128.4838535,36.11899815
24,순환,0,2021-11-03 10:18:04,2021-11-03 10:18:31,구미남고앞,128.3324294,36.1374931
180,역방향,0,2021-11-03 10:18:06,2021-11-03 10:18:32,시청후문건너,128.3442194,36.12059897
24,순환,0,2021-11-03 10:18:07,2021-11-03 10:18:35,고아세영리첼아파트앞,128.3387223,36.15809159
57,정방향,0,2021-11-03 10:18:07,2021-11-03 10:18:16,금오시장 건너,128.339623,36.12527783
90,역방향,0,2021-11-03 10:18:07,2021-11-03 10:18:15,적림리(산동버스정류장방면),128.4294341,36.16725613
380,정방향,0,2021-11-03 10:18:07,2021-11-03 10:18:15,황상중앙시장입구,128.4247959,36.113235
90,정방향,0,2021-11-03 10:18:08,2021-11-03 10:18:14,성수리입구(산동육교방면),128.4152445,36.16294967
10,정방향,0,2021-11-03 10:18:08,2021-11-03 10:19:29,우방신천지타운,128.3935509,36.07424714
111,정방향,0,2021-11-03 10:18:08,2021-11-03 10:18:32,구미경찰서건너,128.3626142,36.11631541
160,정방향,0,2021-11-03 10:18:09,2021-11-03 10:18:16,롯데마트건너,128.3632289,36.11409104
404,순환,1,2021-11-03 10:18:09,2021-11-03 10:18:19,옥계부영아파트건너,128.4181015,36.14089299
111,역방향,0,2021-11-03 10:18:09,2021-11-03 10:18:27,사곡동새마을(사곡동방면),128.359262,36.09417425
52-1,역방향,0,2021-11-03 10:18:10,2021-11-03 10:18:13,백모교(서당방면),128.259581,36.18087211
187,순환,0,2021-11-03 10:18:11,2021-11-03 10:18:17,구미경찰서,128.3632418,36.11616768
193,역방향,0,2021-11-03 10:18:12,2021-11-03 10:18:21,금오공대입구(옥계중학교방면),128.3967393,36.13948442
411,순환,0,2021-11-03 10:18:13,2021-11-03 10:18:23,푸르지오캐슬A단지,128.3374574,36.12389806
192,역방향,0,2021-11-03 10:18:14,2021-11-03 10:18:21,양호동빈수골(엘지연수원방면),128.3911848,36.12910736
181,정방향,0,2021-11-03 10:18:14,2021-11-03 10:18:21,LG디스플레이정문,128.4068363,36.11080917
110,정방향,0,2021-11-03 10:18:15,2021-11-03 10:18:23,롯데마트건너,128.3632289,36.11409104
380,정방향,0,2021-11-03 10:18:17,2021-11-03 10:18:31,사곡동(사곡동새마을방면),128.3587687,36.0973352
196,역방향,0,2021-11-03 10:18:18,2021-11-03 10:19:05,산동호반베르디움아파트동편,128.4288473,36.14412105
10,역방향,0,2021-11-03 10:18:18,2021-11-03 10:18:26,"엘지디스플레이,공장",128.4086556,36.1111251
160,역방향,1,2021-11-03 10:18:19,2021-11-03 10:19:17,북삼농협앞,128.3432002,36.06142177
120,역방향,0,2021-11-03 10:18:20,2021-11-03 10:18:33,장곡초등학교,128.4178661,36.07504656
340,순환,0,2021-11-03 10:18:21,2021-11-03 10:18:30,반석드림빌앞,128.3440683,36.11616004
72-2,순환,0,2021-11-03 10:18:22,2021-11-03 10:18:27,구봉리(옥관입구방면),128.2769559,36.34671204
380,정방향,0,2021-11-03 10:18:23,2021-11-03 10:18:31,황상주공복합상가건너,128.4249079,36.11535604
20,순환,0,2021-11-03 10:18:23,2021-11-03 10:19:08,한빛타운건너,128.3230449,36.14141221
74-4,순환,0,2021-11-03 10:18:25,2021-11-03 10:18:57,교리e편한세상A후문건너,128.3064714,36.25276011
340,순환,0,2021-11-03 10:18:26,2021-11-03 10:18:44,대구은행앞,128.3356625,36.12718339
95-1,정방향,0,2021-11-03 10:18:26,2021-11-03 10:18:36,구포전원타운앞,128.4165332,36.13126127
111,정방향,0,2021-11-03 10:18:26,2021-11-03 10:19:08,오태늘푸른아파트,128.3493242,36.07180632
57,정방향,0,2021-11-03 10:18:27,2021-11-03 10:18:57,송원고가밑(터미널네거리방면),128.3421501,36.12386997
52-1,역방향,0,2021-11-03 10:18:28,2021-11-03 10:18:34,서당(구암방면),128.2624356,36.18218787
92,정방향,0,2021-11-03 10:18:32,2021-11-03 10:18:50,4공단입구(옥계방면),128.4177662,36.13773879
162,정방향,0,2021-11-03 10:18:33,2021-11-03 10:18:43,성안합섬건너,128.3769024,36.08431972
195,정방향,0,2021-11-03 10:18:33,2021-11-03 10:19:01,코오롱,128.3697752,36.11073995
900,역방향,0,2021-11-03 10:18:34,2021-11-03 10:18:42,옥계대우아파트앞,128.4161283,36.13710958
101,순환,0,2021-11-03 10:18:36,2021-11-03 10:18:48,임오동행정복지센터건너,128.3693977,36.08892377
21,순환,0,2021-11-03 10:18:36,2021-11-03 10:19:07,농협,128.3331997,36.12802335
185,역방향,0,2021-11-03 10:18:36,2021-11-03 10:19:06,신평중학교입구,128.3641015,36.12296633
360,역방향,0,2021-11-03 10:18:38,2021-11-03 10:19:03,사곡전원리빙필앞,128.3577,36.10136398
170,정방향,2,2021-11-03 10:18:39,2021-11-03 10:19:07,항곡현일중고등학교건너,128.3477094,36.18828881
380,정방향,0,2021-11-03 10:18:39,2021-11-03 10:19:03,황상1주공건너,128.4252035,36.11690724
173,정방향,0,2021-11-03 10:18:41,2021-11-03 10:20:01,낙동강부대앞,128.3541926,36.16965013
181,정방향,0,2021-11-03 10:18:41,2021-11-03 10:19:11,삼성에스디에스,128.4110913,36.11079502
140,순환,0,2021-11-03 10:18:41,2021-11-03 10:18:48,한국폴리텍대학앞,128.3719076,36.11778275
111,역방향,0,2021-11-03 10:18:42,2021-11-03 10:18:51,사곡동(보성황실2차아파트방면),128.358915,36.09663814
20,순환,0,2021-11-03 10:18:44,2021-11-03 10:18:52,구미가톨릭요양병원,128.3349366,36.13469703
90,역방향,0,2021-11-03 10:18:44,2021-11-03 10:18:51,산동파출소건너,128.4349193,36.16895677
10,역방향,0,2021-11-03 10:18:45,2021-11-03 10:19:09,구미전자공고입구,128.4040831,36.11118287
11,역방향,0,2021-11-03 10:18:45,2021-11-03 10:18:54,관호5거리입구,128.3904357,36.00348979
111,정방향,0,2021-11-03 10:18:45,2021-11-03 10:18:55,롯데마트건너,128.3632289,36.11409104
188,순환,0,2021-11-03 10:18:45,2021-11-03 10:19:16,인동고등학교,128.4315202,36.09054839
380,역방향,0,2021-11-03 10:18:46,2021-11-03 10:19:22,형곡중학교입구건너,128.333644,36.1076616
60,순환,0,2021-11-03 10:18:47,2021-11-03 10:19:04,대동3차아파트건너,128.3508456,36.07090038
11,역방향,0,2021-11-03 10:18:48,2021-11-03 10:19:23,창신아파트건너,128.3475691,36.06976806
555-1,정방향,0,2021-11-03 10:18:48,2021-11-03 10:19:07,대신(시내이방면),128.1946263,36.15256484
881,정방향,0,2021-11-03 10:18:49,2021-11-03 10:19:15,황상신화아파트건너,128.4220776,36.11048456
72-2,순환,0,2021-11-03 10:18:50,2021-11-03 10:18:57,옥관입구(구미원예공사방면),128.2743925,36.34343123
5200,역방향,0,2021-11-03 10:18:50,2021-11-03 10:18:55,무실3거리(한마음타운방면),128.1543637,36.11598354
190,정방향,0,2021-11-03 10:18:50,2021-11-03 10:19:16,비산사거리(금오공대아파트앞),128.3711861,36.12030349
340-2,순환,6,2021-11-03 10:18:50,2021-11-03 10:19:20,신평시장,128.3634936,36.12302785
193,역방향,0,2021-11-03 10:18:51,2021-11-03 10:18:59,일이삼철강 건너,128.3964238,36.13473591
410,순환,0,2021-11-03 10:18:52,2021-11-03 10:19:05,임오동행정복지센터건너,128.3693977,36.08892377
340,순환,0,2021-11-03 10:18:52,2021-11-03 10:19:02,형곡금호어울림앞,128.338457,36.11941619
24,순환,0,2021-11-03 10:18:52,2021-11-03 10:19:00,농산물도매시장앞,128.3518667,36.15638706
11,정방향,4,2021-11-03 10:18:53,2021-11-03 10:19:16,칠곡경찰서건너,128.3874477,36.00944818
900,역방향,0,2021-11-03 10:18:53,2021-11-03 10:19:03,신나리아파트,128.4135441,36.13747946
95-1,정방향,0,2021-11-03 10:18:54,2021-11-03 10:19:45,구포동(4공단입구방면),128.4170251,36.13372794
11,정방향,4,2021-11-03 10:18:55,2021-11-03 10:19:29,구미종합터미널앞,128.3510414,36.12252942
27,역방향,0,2021-11-03 10:18:55,2021-11-03 10:19:06,원평2동행정복지센터건너,128.325838,36.13129062
20,순환,0,2021-11-03 10:18:55,2021-11-03 10:20:03,현대아파트앞,128.3176005,36.15139384
555-1,역방향,0,2021-11-03 10:18:56,2021-11-03 10:19:05,신촌(무실3거리방면),128.1698246,36.12508927
360,역방향,0,2021-11-03 10:18:57,2021-11-03 10:19:06,남구미요양병원,128.3521698,36.07772963
26,역방향,0,2021-11-03 10:18:57,2021-11-03 10:19:25,구미종합터미널건너,128.3508489,36.12267599
174,정방향,0,2021-11-03 10:18:58,2021-11-03 10:19:07,고아신촌(횡산입구방면),128.2965009,36.20174602
90,역방향,0,2021-11-03 10:18:58,2021-11-03 10:19:08,산동농협경제사업소건너,128.4356517,36.16851328
171,정방향,0,2021-11-03 10:18:59,2021-11-03 10:19:07,송정동이구빌라,128.3406295,36.1171587
90,역방향,1,2021-11-03 10:18:59,2021-11-03 10:19:07,옥계부영아파트앞,128.4176605,36.13972754
411,순환,0,2021-11-03 10:18:59,2021-11-03 10:19:30,대구은행앞,128.3356625,36.12718339
53,정방향,1,2021-11-03 10:18:59,2021-11-03 10:19:08,봉곡네거리(선주고등학교방면),128.3103311,36.14054344
5200,역방향,0,2021-11-03 10:19:00,2021-11-03 10:19:08,한마음타운건너,128.1529656,36.11665848
340,순환,0,2021-11-03 10:19:05,2021-11-03 10:19:32,구미역 전(국민은행),128.3322865,36.12861582
171,역방향,0,2021-11-03 10:19:06,2021-11-03 10:19:36,봉한2리(항곡현일중고등학교앞방면),128.3505731,36.18261492
380,정방향,0,2021-11-03 10:19:10,2021-11-03 10:19:59,황상2주공건너,128.4269911,36.11770127
185,정방향,0,2021-11-03 10:19:10,2021-11-03 10:19:17,인동중학교앞,128.4256927,36.10884636
360,역방향,0,2021-11-03 10:19:13,2021-11-03 10:20:12,남구미자동차학원앞,128.3539999,36.07942094
340,순환,0,2021-11-03 10:19:14,2021-11-03 10:19:24,송정여중입구앞,128.3495976,36.11499381
90,역방향,1,2021-11-03 10:19:15,2021-11-03 10:19:51,4공단입구건너(인동농협옥계지점),128.4173574,36.13781552
380,정방향,0,2021-11-03 10:19:16,2021-11-03 10:19:49,사곡동새마을(상모초등학교방면),128.3591129,36.09374477
111,역방향,0,2021-11-03 10:19:16,2021-11-03 10:19:25,약목주유소건너,128.3678233,36.03153303
20,순환,0,2021-11-03 10:19:16,2021-11-03 10:19:23,지산네거리,128.3387282,36.13210382
101,순환,0,2021-11-03 10:19:17,2021-11-03 10:19:32,한염건너,128.3731543,36.08960896
340,순환,0,2021-11-03 10:19:18,2021-11-03 10:19:43,형곡4주공네거리(형곡초등학교방면),128.3389597,36.11287138
181,정방향,0,2021-11-03 10:19:20,2021-11-03 10:19:28,수도가압장건너편,128.413383,36.11080431
185,정방향,0,2021-11-03 10:19:22,2021-11-03 10:19:38,황상동입구(황상현대아파트방면),128.4256459,36.11041644
885,역방향,0,2021-11-03 10:19:22,2021-11-03 10:19:30,금화리,128.5376902,36.06566511
171,역방향,0,2021-11-03 10:19:23,2021-11-03 10:19:49,형곡4거리,128.3397857,36.11631556
53,정방향,3,2021-11-03 10:19:24,2021-11-03 10:19:49,원평2동행정복지센터앞,128.3248932,36.13146971
52-1,역방향,0,2021-11-03 10:19:25,2021-11-03 10:19:32,새터(외예리방면),128.2728345,36.18251935
666,정방향,0,2021-11-03 10:19:26,2021-11-03 10:20:13,구미역(중앙시장),128.3298341,36.12962183
53-1,정방향,1,2021-11-03 10:19:28,2021-11-03 10:19:42,문성중학교앞,128.1469208,36.11876475
11,역방향,0,2021-11-03 10:19:28,2021-11-03 10:19:34,관호3리입구,128.3876172,36.00925073
57,정방향,0,2021-11-03 10:19:29,2021-11-03 10:19:58,터미널네거리(오성예식장앞방면),128.3478662,36.12222128
360,역방향,0,2021-11-03 10:19:29,2021-11-03 10:19:54,형곡4주공네거리(형곡초등학교방면),128.3389597,36.11287138
410,순환,0,2021-11-03 10:19:29,2021-11-03 10:19:45,한염건너,128.3731543,36.08960896
53-1,역방향,1,2021-11-03 10:19:31,2021-11-03 10:19:45,아포공단관리사무소건너,128.2545499,36.16689542
380,역방향,0,2021-11-03 10:19:31,2021-11-03 10:19:58,형곡금오산입구건너,128.3324996,36.1089106
360,정방향,0,2021-11-03 10:19:32,2021-11-03 10:19:44,우방3차건너,128.3322819,36.1144838
140,순환,0,2021-11-03 10:19:35,2021-11-03 10:19:58,동아백화점건너,128.3483332,36.12013148
187,순환,0,2021-11-03 10:19:35,2021-11-03 10:19:39,구미IC네거리,128.3601083,36.119205
340-2,순환,6,2021-11-03 10:19:35,2021-11-03 10:20:42,신평우석아파트,128.366184,36.12210227
411,순환,0,2021-11-03 10:19:36,2021-11-03 10:19:59,푸르지오캐슬B단지,128.3361004,36.12470868
193,역방향,0,2021-11-03 10:19:38,2021-11-03 10:19:46,양호동빈수골(엘지연수원방면),128.3911848,36.12910736
884-1,역방향,1,2021-11-03 10:19:39,2021-11-03 10:20:17,구미종합터미널건너,128.3508489,36.12267599
60,순환,0,2021-11-03 10:19:40,2021-11-03 10:19:48,대동아파트,128.350038,36.07198502
186,정방향,0,2021-11-03 10:19:40,2021-11-03 10:19:54,우방3차건너,128.3322819,36.1144838
160,역방향,0,2021-11-03 10:19:40,2021-11-03 10:19:46,구미IC네거리,128.3605576,36.1195893
196,역방향,0,2021-11-03 10:19:41,2021-11-03 10:19:50,중흥S클래스건너,128.4287268,36.1398114
340,순환,0,2021-11-03 10:19:42,2021-11-03 10:20:44,형곡네거리,128.3387627,36.11679033
24,순환,0,2021-11-03 10:19:43,2021-11-03 10:20:20,원호푸르지오아파트앞,128.334764,36.15634203
188,순환,0,2021-11-03 10:19:44,2021-11-03 10:20:10,구평 부영7단지,128.4360943,36.08972865
303-1,순환,0,2021-11-03 10:19:44,2021-11-03 10:20:29,황상종점 출발점,128.4282705,36.11839792
187,순환,0,2021-11-03 10:19:45,2021-11-03 10:19:52,구미IC네거리,128.3605576,36.1195893
195,정방향,0,2021-11-03 10:19:45,2021-11-03 10:20:10,공단본부건너,128.3767944,36.11076986
162,정방향,0,2021-11-03 10:19:45,2021-11-03 10:19:53,금오중학교건너,128.3701346,36.08662581
360,정방향,0,2021-11-03 10:19:50,2021-11-03 10:20:11,창신아파트,128.3478516,36.07049884
11,정방향,4,2021-11-03 10:19:52,2021-11-03 10:20:01,농협파머스마켓앞,128.3545034,36.12214043
53,역방향,0,2021-11-03 10:19:53,2021-11-03 10:20:37,대구은행앞,128.3356625,36.12718339
10,정방향,0,2021-11-03 10:19:54,2021-11-03 10:19:59,한솔입구(남율동산마을건너방면),128.3947953,36.07098838
90,역방향,1,2021-11-03 10:19:54,2021-11-03 10:21:59,,128.434978,36.15415266
10,역방향,0,2021-11-03 10:19:54,2021-11-03 10:20:00,SK실트론앞,128.4107479,36.09247213
170,정방향,2,2021-11-03 10:19:55,2021-11-03 10:20:10,봉한2리(봉한1리방면),128.3508164,36.18119253
111,정방향,0,2021-11-03 10:19:55,2021-11-03 10:20:28,창신아파트,128.3478516,36.07049884
111,역방향,0,2021-11-03 10:19:56,2021-11-03 10:20:03,사곡초등학교,128.359121,36.09934516
170,역방향,2,2021-11-03 10:19:56,2021-11-03 10:20:04,낙동강부대건너,128.3543317,36.16987051
160,역방향,1,2021-11-03 10:19:57,2021-11-03 10:20:05,인평2리마을회관앞,128.3381722,36.06112763
11,정방향,4,2021-11-03 10:19:57,2021-11-03 10:20:04,관호5거리,128.3897817,36.00390543
20,순환,0,2021-11-03 10:19:57,2021-11-03 10:20:27,도량2동 4주공,128.3227787,36.14458945
185,정방향,0,2021-11-03 10:20:00,2021-11-03 10:20:56,구미역,128.3293215,36.12963461
140,순환,0,2021-11-03 10:20:02,2021-11-03 10:20:29,동아백화점앞,128.3483751,36.11983363
190,정방향,0,2021-11-03 10:20:03,2021-11-03 10:20:28,비산초등앞,128.3746134,36.11946297
380,정방향,0,2021-11-03 10:20:04,2021-11-03 10:20:47,황상종점,128.4287638,36.11817356
360,정방향,0,2021-11-03 10:20:04,2021-11-03 10:20:10,풍림2차건너,128.332306,36.11171976
185,정방향,0,2021-11-03 10:20:04,2021-11-03 10:20:13,황상중앙시장입구,128.4247959,36.113235
555-1,역방향,0,2021-11-03 10:20:05,2021-11-03 10:20:14,덕곡동,128.1589236,36.11899543
26,역방향,0,2021-11-03 10:20:05,2021-11-03 10:20:15,터미널네거리(송원고가밑방면),128.3482793,36.12230851
900,역방향,0,2021-11-03 10:20:06,2021-11-03 10:20:27,옥계중학교앞,128.4119213,36.13701578
11,정방향,4,2021-11-03 10:20:07,2021-11-03 10:20:16,삼주아파트,128.3895277,36.00316458
187,순환,0,2021-11-03 10:20:08,2021-11-03 10:20:16,구미경찰서건너,128.3626142,36.11631541
404,순환,1,2021-11-03 10:20:09,2021-11-03 10:20:18,하나로마트양포점,128.4188515,36.14651675
162,정방향,0,2021-11-03 10:20:10,2021-11-03 10:20:18,임은동코오롱하늘채건너,128.3665051,36.08691503
411,순환,0,2021-11-03 10:20:10,2021-11-03 10:20:21,가톨릭근로자문화센타,128.3378493,36.12327282
340,순환,0,2021-11-03 10:20:10,2021-11-03 10:20:42,구미역(중앙시장),128.3298341,36.12962183
70-1,순환,0,2021-11-03 10:20:10,2021-11-03 10:20:21,황산출발,128.2905582,36.21293104
53,정방향,1,2021-11-03 10:20:10,2021-11-03 10:20:22,선주고등학교건너,128.3138452,36.14064522
340-4,순환,5,2021-11-03 10:20:12,2021-11-03 10:20:34,예일베어링앞,128.3846531,36.11974289
53,정방향,0,2021-11-03 10:20:12,2021-11-03 10:20:15,김천시외버스터미널(종점),128.1178823,36.12287866
23,순환,0,2021-11-03 10:20:13,2021-11-03 10:20:25,송정동번개시장앞,128.3400031,36.12189624
11,역방향,0,2021-11-03 10:20:13,2021-11-03 10:20:39,대동아파트,128.350038,36.07198502
380,역방향,0,2021-11-03 10:20:14,2021-11-03 10:20:20,풍림2차앞,128.3324426,36.11167959
140,순환,0,2021-11-03 10:20:14,2021-11-03 10:20:36,비산사거리(금오공대아파트건너),128.3712286,36.12048045
411,순환,0,2021-11-03 10:20:15,2021-11-03 10:20:46,구미역 전(국민은행),128.3322865,36.12861582
881,정방향,0,2021-11-03 10:20:16,2021-11-03 10:20:41,황상동입구(인동중학교방면),128.4254186,36.11030409
24,순환,0,2021-11-03 10:20:17,2021-11-03 10:20:30,도산초등학교,128.332365,36.14124625
180,역방향,0,2021-11-03 10:20:17,2021-11-03 10:20:28,송정동번개시장앞,128.3400031,36.12189624
380,역방향,0,2021-11-03 10:20:18,2021-11-03 10:20:25,평생교육원앞,128.385218,36.1062245
53-1,역방향,1,2021-11-03 10:20:19,2021-11-03 10:20:27,주식회사 성안앞,128.25063,36.16582454
186,정방향,0,2021-11-03 10:20:20,2021-11-03 10:20:25,풍림2차건너,128.332306,36.11171976
340,순환,0,2021-11-03 10:20:21,2021-11-03 10:20:31,시민운동장,128.3525919,36.11393993
171,역방향,0,2021-11-03 10:20:21,2021-11-03 10:21:20,항곡현일중고등학교앞,128.348104,36.18859268
555-1,역방향,0,2021-11-03 10:20:21,2021-11-03 10:20:33,덕곡동앞,128.1571042,36.11786243
174,정방향,0,2021-11-03 10:20:22,2021-11-03 10:20:32,횡산입구(내예리방면),128.2844331,36.19825645
196,역방향,0,2021-11-03 10:20:22,2021-11-03 10:20:51,현진아파트앞,128.4261557,36.13828126
185,정방향,0,2021-11-03 10:20:22,2021-11-03 10:20:30,황상주공복합상가건너,128.4249079,36.11535604
74-4,순환,0,2021-11-03 10:20:23,2021-11-03 10:20:30,용동골고개(수도가압장방면),128.3154702,36.26380298
52-1,역방향,0,2021-11-03 10:20:24,2021-11-03 10:20:32,외예리(내예리방면),128.2824195,36.18351668
404,순환,1,2021-11-03 10:20:24,2021-11-03 10:20:31,양포파출소앞,128.4179203,36.1472047
187,순환,0,2021-11-03 10:20:25,2021-11-03 10:20:32,롯데마트건너,128.3632289,36.11409104
10,정방향,0,2021-11-03 10:20:25,2021-11-03 10:20:28,남율동산마을건너,128.3989459,36.06695753
160,정방향,0,2021-11-03 10:20:26,2021-11-03 10:20:53,이마트건너,128.3637766,36.10943891
53,정방향,3,2021-11-03 10:20:27,2021-11-03 10:21:06,구미역,128.3293215,36.12963461
170,정방향,2,2021-11-03 10:20:27,2021-11-03 10:20:35,봉한1리(낙동강부대앞방면),128.3520036,36.17805156
72-6,순환,0,2021-11-03 10:20:29,2021-11-03 10:20:36,덕촌(봉곡방면),128.2542111,36.25889434
140,순환,0,2021-11-03 10:20:29,2021-11-03 10:20:50,시청후문건너,128.3442194,36.12059897
72-2,순환,0,2021-11-03 10:20:30,2021-11-03 10:20:36,구미원예공사건너,128.2759074,36.33052712
11,역방향,0,2021-11-03 10:20:31,2021-11-03 10:20:42,관호2리,128.3871812,36.01795274
360,정방향,0,2021-11-03 10:20:32,2021-11-03 10:20:51,형곡금오산입구앞,128.332274,36.10891024
884,정방향,0,2021-11-03 10:20:32,2021-11-03 10:20:45,신장1리(하장리방면),128.4856069,36.12856091
360,역방향,0,2021-11-03 10:20:33,2021-11-03 10:21:06,오태2동입구,128.3566641,36.08194963
53,정방향,1,2021-11-03 10:20:34,2021-11-03 10:22:28,도봉초등학교건너,128.315657,36.14135984
10,역방향,0,2021-11-03 10:20:34,2021-11-03 10:20:40,LS전선건너,128.3885097,36.11107825
188,순환,0,2021-11-03 10:20:34,2021-11-03 10:20:45,구평 부영8단지,128.4403586,36.08952861
411,순환,0,2021-11-03 10:20:35,2021-11-03 10:21:06,송정동번개시장건너,128.3405662,36.1212612
11-5,순환,0,2021-11-03 10:20:36,2021-11-03 10:20:54,순심중고등학교,128.4034786,35.98799953
380,정방향,0,2021-11-03 10:20:38,2021-11-03 10:21:00,농협,128.3331997,36.12802335
26,역방향,0,2021-11-03 10:20:38,2021-11-03 10:20:45,송원고가밑(구미역방면),128.3439691,36.12341245
185,역방향,0,2021-11-03 10:20:39,2021-11-03 10:20:50,신평농협,128.3611767,36.12214845
380,역방향,0,2021-11-03 10:20:39,2021-11-03 10:21:05,우방3차앞,128.3325084,36.11445282
555-1,정방향,0,2021-11-03 10:20:40,2021-11-03 10:21:02,시내이(초산방면),128.2052198,36.15394199
380,역방향,0,2021-11-03 10:20:40,2021-11-03 10:21:02,복지상가앞,128.3852228,36.10373498
410,순환,0,2021-11-03 10:20:40,2021-11-03 10:21:02,농협,128.3331997,36.12802335
340,순환,0,2021-11-03 10:20:41,2021-11-03 10:20:48,형곡초등학교앞,128.3391615,36.10983168
303-1,순환,0,2021-11-03 10:20:42,2021-11-03 10:21:17,황상2주공앞,128.4262964,36.11778041
160,역방향,1,2021-11-03 10:20:43,2021-11-03 10:20:55,인평중학교출발,128.3351144,36.06166383
53,정방향,0,2021-11-03 10:20:43,2021-11-03 10:20:51,성내동,128.1203089,36.12067708
57,정방향,0,2021-11-03 10:20:43,2021-11-03 10:21:49,오성예식장앞,128.351442,36.12119339
5200,역방향,0,2021-11-03 10:20:44,2021-11-03 10:20:52,문성중학교건너,128.1473089,36.11882792
340-4,순환,5,2021-11-03 10:20:45,2021-11-03 10:20:50,비산보성타운앞,128.3824707,36.11976207
186,정방향,0,2021-11-03 10:20:45,2021-11-03 10:20:58,형곡금오산입구앞,128.332274,36.10891024
21,순환,0,2021-11-03 10:20:45,2021-11-03 10:21:08,원평동(지산1동방면),128.3376894,36.12783197
180,역방향,0,2021-11-03 10:20:46,2021-11-03 10:20:53,푸르지오캐슬A단지,128.3374574,36.12389806
111,역방향,0,2021-11-03 10:20:46,2021-11-03 10:21:32,약목건너,128.3652843,36.03474077
60,순환,0,2021-11-03 10:20:47,2021-11-03 10:20:53,남구미요양병원,128.3521698,36.07772963
90,정방향,0,2021-11-03 10:20:47,2021-11-03 10:20:57,산동농협경제사업소앞,128.4356707,36.16795552
881,정방향,0,2021-11-03 10:20:47,2021-11-03 10:21:16,인동중학교건너,128.4254708,36.10877685
360,역방향,0,2021-11-03 10:20:48,2021-11-03 10:20:54,형곡초등학교앞,128.3391615,36.10983168
360,역방향,0,2021-11-03 10:20:49,2021-11-03 10:20:55,봉죽사건너,128.3575131,36.10551922
72-2,순환,0,2021-11-03 10:20:49,2021-11-03 10:20:55,옥관1리 문정자(화훼단지주유소방면),128.2755419,36.3275302
110,정방향,0,2021-11-03 10:20:53,2021-11-03 10:21:03,코오롱,128.3697752,36.11073995
171,정방향,0,2021-11-03 10:20:54,2021-11-03 10:21:06,형곡금호어울림건너,128.3386901,36.11959296
20,순환,0,2021-11-03 10:20:55,2021-11-03 10:21:05,도량2동파크맨션앞,128.3236646,36.14767567
140,순환,0,2021-11-03 10:20:55,2021-11-03 10:21:27,오성예식장앞,128.351442,36.12119339
173,정방향,0,2021-11-03 10:20:57,2021-11-03 10:21:05,송림삼거리(문성3리방면),128.3535808,36.16345346
196,정방향,0,2021-11-03 10:20:57,2021-11-03 10:21:35,삼구트리니엔건너,128.4207173,36.1383334
555-1,역방향,0,2021-11-03 10:20:58,2021-11-03 10:21:06,무실3거리(한마음타운방면),128.1543637,36.11598354
171,역방향,0,2021-11-03 10:20:58,2021-11-03 10:21:10,시청정문건너,128.3436067,36.11760598
92,정방향,0,2021-11-03 10:20:59,2021-11-03 10:21:26,삼구트리니엔건너,128.4207173,36.1383334
411,순환,0,2021-11-03 10:20:59,2021-11-03 10:21:51,구미역(중앙시장),128.3298341,36.12962183
53,역방향,0,2021-11-03 10:20:59,2021-11-03 10:21:12,구미역 전(국민은행),128.3322865,36.12861582
404,순환,1,2021-11-03 10:21:01,2021-11-03 10:21:37,옥계에덴타운(종점방면),128.4139255,36.14747384
188,순환,0,2021-11-03 10:21:02,2021-11-03 10:21:29,구평1동(구평부영2단지방면),128.4427479,36.09019366
111,정방향,0,2021-11-03 10:21:02,2021-11-03 10:21:10,코오롱,128.3697752,36.11073995
360,정방향,0,2021-11-03 10:21:02,2021-11-03 10:21:26,북삼중학교건너,128.3438218,36.07111404
10,역방향,0,2021-11-03 10:21:02,2021-11-03 10:21:12,구미세무서앞,128.3835073,36.11109129
185,역방향,0,2021-11-03 10:21:03,2021-11-03 10:21:17,강산타운아파트건너,128.3594641,36.12141381
24,순환,0,2021-11-03 10:21:03,2021-11-03 10:21:25,원평동(대구은행앞방면),128.3375163,36.12802591
53-1,정방향,1,2021-11-03 10:21:04,2021-11-03 10:21:24,한마음타운앞,128.1530113,36.11649888
60,순환,0,2021-11-03 10:21:04,2021-11-03 10:21:11,남구미자동차학원앞,128.3539999,36.07942094
120,역방향,0,2021-11-03 10:21:05,2021-11-03 10:21:27,중리부영아파트,128.414109,36.07800165
340-4,순환,5,2021-11-03 10:21:05,2021-11-03 10:21:32,비산벽산A,128.3796102,36.11976207
340,순환,0,2021-11-03 10:21:06,2021-11-03 10:21:17,동우그린파크,128.3360182,36.11660504
192,역방향,0,2021-11-03 10:21:07,2021-11-03 10:21:17,엘지연수원앞,128.3854717,36.12130876
140,순환,0,2021-11-03 10:21:07,2021-11-03 10:21:17,신평e편한세상아파트,128.3668432,36.12212555
170,역방향,2,2021-11-03 10:21:07,2021-11-03 10:21:54,농협,128.3331997,36.12802335
111,정방향,0,2021-11-03 10:21:08,2021-11-03 10:21:47,북삼중학교입구,128.3444142,36.06764147
555-1,역방향,0,2021-11-03 10:21:08,2021-11-03 10:21:16,한마음타운건너,128.1529656,36.11665848
380,정방향,0,2021-11-03 10:21:09,2021-11-03 10:22:34,상모초등학교,128.3586011,36.09113227
181,정방향,0,2021-11-03 10:21:09,2021-11-03 10:21:36,삼성전자후문,128.418282,36.10720185
884-1,역방향,1,2021-11-03 10:21:10,2021-11-03 10:21:19,터미널네거리(송원고가밑방면),128.3482793,36.12230851
340,순환,0,2021-11-03 10:21:11,2021-11-03 10:21:21,형곡중앙시장건너,128.3382372,36.10756762
52-1,역방향,0,2021-11-03 10:21:11,2021-11-03 10:21:35,내예리(횡산역방면),128.2895413,36.18712794
20,순환,0,2021-11-03 10:21:13,2021-11-03 10:21:41,원평동(대구은행앞방면),128.3375163,36.12802591
884,정방향,0,2021-11-03 10:21:14,2021-11-03 10:21:27,하장리(하장교방면),128.4854763,36.13217184
95-1,정방향,0,2021-11-03 10:21:14,2021-11-03 10:21:40,4공단입구(옥계방면),128.4177662,36.13773879
170,역방향,2,2021-11-03 10:21:14,2021-11-03 10:21:26,봉한1리(봉한2리방면),128.3521626,36.17849638
360,역방향,0,2021-11-03 10:21:15,2021-11-03 10:21:27,형곡중앙시장건너,128.3382372,36.10756762
360,역방향,0,2021-11-03 10:21:15,2021-11-03 10:22:40,금오고등학교입구건너,128.3570323,36.10888754
160,역방향,1,2021-11-03 10:21:16,2021-11-03 10:21:32,화진금봉타운,128.3339211,36.06372808
80,역방향,0,2021-11-03 10:21:16,2021-11-03 10:21:33,경운대학교입구(교외방면),128.4664116,36.16240128
24,순환,0,2021-11-03 10:21:16,2021-11-03 10:21:37,구미여고,128.3311962,36.14460079
380,정방향,0,2021-11-03 10:21:17,2021-11-03 10:21:41,금오산사거리,128.3358796,36.12688792
26,역방향,0,2021-11-03 10:21:17,2021-11-03 10:21:26,원평동 행정복지 센터 앞,128.3388928,36.12581949
111,역방향,0,2021-11-03 10:21:17,2021-11-03 10:21:22,보성황실2차아파트(홈플러스정문방면),128.3592321,36.10178721
360,정방향,0,2021-11-03 10:21:17,2021-11-03 10:21:44,형곡중학교입구,128.3336803,36.1074208
303-1,순환,0,2021-11-03 10:21:18,2021-11-03 10:22:14,황상1주공앞,128.4250549,36.11720776
340-2,순환,6,2021-11-03 10:21:19,2021-11-03 10:21:47,비산사거리(금오공대아파트앞),128.3711861,36.12030349
72-2,순환,0,2021-11-03 10:21:19,2021-11-03 10:21:24,화훼단지주유소앞,128.2772668,36.32306506
11,역방향,0,2021-11-03 10:21:20,2021-11-03 10:21:29,관호초등학교건너,128.3839431,36.02136761
410,순환,0,2021-11-03 10:21:20,2021-11-03 10:22:04,금오산사거리,128.3358796,36.12688792
186,정방향,0,2021-11-03 10:21:21,2021-11-03 10:21:47,형곡중학교입구,128.3336803,36.1074208
11,역방향,0,2021-11-03 10:21:22,2021-11-03 10:21:30,남구미요양병원,128.3521698,36.07772963
410,순환,0,2021-11-03 10:21:23,2021-11-03 10:21:30,금오레미콘건너,128.3770691,36.09050794
24,순환,0,2021-11-03 10:21:24,2021-11-03 10:21:56,원호대우아파트건너,128.3290618,36.15303129
20,순환,0,2021-11-03 10:21:24,2021-11-03 10:21:34,새길도로입구(도량2동파크맨션방면),128.3230958,36.1509381
174,정방향,0,2021-11-03 10:21:25,2021-11-03 10:21:34,횡산리 대방골건너,128.2850571,36.19382602
27,역방향,0,2021-11-03 10:21:26,2021-11-03 10:21:36,미소지움아파트앞,128.3238455,36.1344027
170,정방향,2,2021-11-03 10:21:26,2021-11-03 10:22:25,낙동강부대앞,128.3541926,36.16965013
360,역방향,0,2021-11-03 10:21:26,2021-11-03 10:22:17,상모우방1단지앞,128.3570302,36.08380787
173,정방향,0,2021-11-03 10:21:28,2021-11-03 10:21:37,태왕아너스아파트,128.3512586,36.16241508
60,순환,0,2021-11-03 10:21:28,2021-11-03 10:21:34,오태2동입구,128.3566641,36.08194963
53,정방향,0,2021-11-03 10:21:28,2021-11-03 10:21:45,삼각로타리(중앙시장방면),128.1246156,36.11937541
184,정방향,0,2021-11-03 10:21:29,2021-11-03 10:22:06,농협,128.3331997,36.12802335
140,순환,0,2021-11-03 10:21:31,2021-11-03 10:22:42,신평중학교입구,128.3641015,36.12296633
5200,역방향,0,2021-11-03 10:21:32,2021-11-03 10:21:41,지좌동(성의중고방면),128.1426165,36.11860294
380,역방향,0,2021-11-03 10:21:34,2021-11-03 10:22:02,순천향병원앞,128.3825819,36.10227734
380,역방향,0,2021-11-03 10:21:34,2021-11-03 10:21:42,미성빌라,128.3363652,36.11638122
10,역방향,0,2021-11-03 10:21:36,2021-11-03 10:21:43,공단본부앞,128.3790454,36.11108779
11,역방향,0,2021-11-03 10:21:37,2021-11-03 10:22:42,남구미자동차학원앞,128.3539999,36.07942094
160,정방향,0,2021-11-03 10:21:37,2021-11-03 10:21:53,홈플러스정문건너,128.3626937,36.10292617
90,정방향,0,2021-11-03 10:21:38,2021-11-03 10:21:45,산동파출소앞,128.4348228,36.16921389
180,역방향,0,2021-11-03 10:21:38,2021-11-03 10:22:11,대구은행앞,128.3356625,36.12718339
110,정방향,0,2021-11-03 10:21:39,2021-11-03 10:22:01,공단본부건너,128.3767944,36.11076986
884-1,역방향,1,2021-11-03 10:21:39,2021-11-03 10:21:46,송원고가밑(구미역방면),128.3439691,36.12341245
360,정방향,0,2021-11-03 10:21:39,2021-11-03 10:21:49,인평공원건너,128.3421197,36.07234759
21,순환,0,2021-11-03 10:21:42,2021-11-03 10:22:09,원평119안전센터,128.3404408,36.12891423
881,정방향,0,2021-11-03 10:21:43,2021-11-03 10:22:23,인동정류장(인동사거리방면),128.4222485,36.10810857
111,정방향,0,2021-11-03 10:21:46,2021-11-03 10:22:05,공단본부건너,128.3767944,36.11076986
80,역방향,0,2021-11-03 10:21:47,2021-11-03 10:21:58,성수리입구(옥계방면),128.4151963,36.16265237
53,역방향,0,2021-11-03 10:21:49,2021-11-03 10:22:19,구미역(중앙시장),128.3298341,36.12962183
10,정방향,0,2021-11-03 10:21:49,2021-11-03 10:22:03,석적행정타운건너,128.4020905,36.06471428
53,정방향,0,2021-11-03 10:21:49,2021-11-03 10:22:05,중앙시장,128.1261101,36.1194879
90,역방향,0,2021-11-03 10:21:50,2021-11-03 10:21:59,성수리입구(옥계방면),128.4151963,36.16265237
23,순환,0,2021-11-03 10:21:50,2021-11-03 10:21:57,푸르지오캐슬A단지,128.3374574,36.12389806
173,정방향,0,2021-11-03 10:21:51,2021-11-03 10:22:02,청솔아파트앞,128.3484025,36.16138991
11,역방향,0,2021-11-03 10:21:52,2021-11-03 10:21:58,무림2리입구,128.3803476,36.02461772
162,정방향,0,2021-11-03 10:21:52,2021-11-03 10:21:56,오태2동입구건너,128.3572847,36.08289022
10,역방향,0,2021-11-03 10:21:52,2021-11-03 10:22:58,왜관북부,128.3989562,35.99706819
72-2,순환,0,2021-11-03 10:21:53,2021-11-03 10:21:58,추모공원입구,128.2800195,36.31777931
170,역방향,2,2021-11-03 10:21:54,2021-11-03 10:22:03,봉한2리(항곡현일중고등학교앞방면),128.3505731,36.18261492
192,역방향,0,2021-11-03 10:21:54,2021-11-03 10:22:01,LIG넥스원건너,128.3853548,36.11574551
555-1,정방향,0,2021-11-03 10:21:56,2021-11-03 10:22:18,초산(뽕밭방면),128.2154857,36.15372797
185,정방향,0,2021-11-03 10:21:56,2021-11-03 10:22:14,농협,128.3331997,36.12802335
20,순환,0,2021-11-03 10:21:56,2021-11-03 10:22:28,도량2동파크맨션건너,128.3234039,36.14798548
140,순환,0,2021-11-03 10:21:56,2021-11-03 10:22:23,구미역,128.3293215,36.12963461
885,역방향,0,2021-11-03 10:21:56,2021-11-03 10:22:03,천평(가산면사무소방면),128.5392637,36.07861403
80,역방향,0,2021-11-03 10:21:57,2021-11-03 10:22:10,의우총입구,128.4633856,36.16305964
11-5,순환,0,2021-11-03 10:21:58,2021-11-03 10:22:04,문화아파트,128.4076677,35.98866048
90,역방향,1,2021-11-03 10:21:59,2021-11-03 10:22:07,거상빌딩,128.4170425,36.13604604
190,정방향,0,2021-11-03 10:22:00,2021-11-03 10:22:06,비산벽산A건너,128.3793451,36.11939246
24,순환,0,2021-11-03 10:22:00,2021-11-03 10:22:28,구미중학교건너,128.3311099,36.14806354
404,순환,1,2021-11-03 10:22:00,2021-11-03 10:22:28,옥계대백타운종점,128.4108553,36.1478206
884-1,역방향,1,2021-11-03 10:22:01,2021-11-03 10:22:07,금오시장 입구,128.340973,36.12474098
10,역방향,0,2021-11-03 10:22:02,2021-11-03 10:22:13,LG디스플레이건너,128.4106988,36.09825825
53-1,정방향,1,2021-11-03 10:22:02,2021-11-03 10:22:27,무실삼거리,128.1551789,36.11584285
360,정방향,0,2021-11-03 10:22:03,2021-11-03 10:22:16,인평공원서편 건너,128.3400455,36.07299228
187,순환,0,2021-11-03 10:22:03,2021-11-03 10:24:19,구미역,128.3293215,36.12963461
24,순환,0,2021-11-03 10:22:03,2021-11-03 10:22:30,대구은행앞,128.3356625,36.12718339
900,역방향,0,2021-11-03 10:22:05,2021-11-03 10:22:12,금오공대입구(금오공대종점방면),128.3971135,36.13929449
188,순환,0,2021-11-03 10:22:05,2021-11-03 10:22:15,구평1동불바위,128.4443001,36.09271095
410,순환,0,2021-11-03 10:22:06,2021-11-03 10:22:15,영남에너지서비스건너,128.3770209,36.09308717
53,정방향,0,2021-11-03 10:22:07,2021-11-03 10:22:20,,128.127427,36.119641
53,정방향,3,2021-11-03 10:22:08,2021-11-03 10:22:35,농협,128.3331997,36.12802335
11,정방향,4,2021-11-03 10:22:08,2021-11-03 10:22:17,구미IC네거리,128.3601083,36.119205
72-6,순환,0,2021-11-03 10:22:08,2021-11-03 10:22:15,봉곡(죽장2리방면),128.2608857,36.24811915
10,역방향,0,2021-11-03 10:22:09,2021-11-03 10:22:12,LG유니참앞,128.374568,36.11108251
90,정방향,0,2021-11-03 10:22:10,2021-11-03 10:22:17,적림리(적림구미마을방면),128.4295417,36.16737942
23,순환,0,2021-11-03 10:22:11,2021-11-03 10:22:22,각산네거리,128.434978,36.15415266
53-1,역방향,1,2021-11-03 10:22:12,2021-11-03 10:22:21,행성디지털앞,128.2453107,36.16783257
20,순환,0,2021-11-03 10:22:13,2021-11-03 10:22:53,대구은행앞,128.3356625,36.12718339
160,역방향,1,2021-11-03 10:22:14,2021-11-03 10:22:23,강진삼거리건너,128.3328899,36.06624003
884-1,역방향,1,2021-11-03 10:22:14,2021-11-03 10:22:41,원평동 행정복지 센터 앞,128.3388928,36.12581949
360,정방향,0,2021-11-03 10:22:15,2021-11-03 10:22:29,형곡중앙시장앞,128.3375395,36.10704137
80,역방향,0,2021-11-03 10:22:15,2021-11-03 10:22:22,성수리입구(옥계방면),128.4151963,36.16265237
190,정방향,0,2021-11-03 10:22:18,2021-11-03 10:22:24,비산보성타운건너,128.3822296,36.11943263
340-4,순환,5,2021-11-03 10:22:19,2021-11-03 10:22:44,비산초등건너,128.3736036,36.11966161
90,역방향,1,2021-11-03 10:22:21,2021-11-03 10:22:43,구포동(구포전원타운방면),128.4166271,36.13372181
53,역방향,0,2021-11-03 10:22:21,2021-11-03 10:23:05,구미역(김천행),128.328432,36.130215
173,정방향,0,2021-11-03 10:22:21,2021-11-03 10:22:52,경남아너스빌앞,128.3444044,36.16076243
72-2,순환,0,2021-11-03 10:22:22,2021-11-03 10:22:48,농소2리이곡(옥성방면),128.280516,36.31356766
181,정방향,0,2021-11-03 10:22:22,2021-11-03 10:22:45,인동정류장(인동중학교방면),128.4225408,36.10810664
181,역방향,0,2021-11-03 10:22:22,2021-11-03 10:22:49,구미종합터미널건너,128.3508489,36.12267599
192,역방향,0,2021-11-03 10:22:23,2021-11-03 10:24:13,세무서4거리,128.3852727,36.11164432
184,정방향,0,2021-11-03 10:22:24,2021-11-03 10:23:13,금오산사거리,128.3358796,36.12688792
340-2,순환,6,2021-11-03 10:22:24,2021-11-03 10:22:31,한국폴리텍대학건너,128.371527,36.11660432
160,정방향,0,2021-11-03 10:22:25,2021-11-03 10:22:38,보성황실2차아파트정문앞,128.3600038,36.1011236
111,역방향,0,2021-11-03 10:22:25,2021-11-03 10:22:57,구미종합터미널건너,128.3508489,36.12267599
11,역방향,0,2021-11-03 10:22:25,2021-11-03 10:22:34,약목고등학교입구건너,128.3764889,36.02707189
11-5,순환,0,2021-11-03 10:22:26,2021-11-03 10:22:32,3주공아파트,128.4130536,35.9882988
303-1,순환,0,2021-11-03 10:22:26,2021-11-03 10:22:37,황상주공복합상가,128.4245529,36.11521138
53,정방향,0,2021-11-03 10:22:28,2021-11-03 10:22:38,아랫시장건너,128.1288742,36.11937541
404,순환,1,2021-11-03 10:22:28,2021-11-03 10:22:56,옥계대백타운 출발지,128.4116754,36.14754494
380,역방향,0,2021-11-03 10:22:28,2021-11-03 10:22:33,직물협업단지(태광산업방면),128.3776931,36.10219624
5000,정방향,0,2021-11-03 10:22:30,2021-11-03 10:22:36,경북과학기술고등학교건너,128.2446836,36.15883415
340,순환,0,2021-11-03 10:22:31,2021-11-03 10:22:55,우방3차건너,128.3322819,36.1144838
174,정방향,0,2021-11-03 10:22:31,2021-11-03 10:22:38,내예리(외예리방면),128.2894069,36.18738801
90,정방향,0,2021-11-03 10:22:31,2021-11-03 10:22:37,적림구미마을,128.4258176,36.16706139
52-1,역방향,0,2021-11-03 10:22:31,2021-11-03 10:22:39,횡산리 대방골,128.2850453,36.19392319
190,정방향,0,2021-11-03 10:22:32,2021-11-03 10:22:40,예일베어링건너,128.384359,36.1194433
410,순환,0,2021-11-03 10:22:32,2021-11-03 10:22:37,TK케미칼2공장건너,128.3770209,36.09567444
111,정방향,0,2021-11-03 10:22:32,2021-11-03 10:22:43,북삼초등학교앞,128.3433068,36.06419163
170,정방향,2,2021-11-03 10:22:32,2021-11-03 10:24:32,선산터미널종점,128.3043322,36.23971938
10,역방향,0,2021-11-03 10:22:33,2021-11-03 10:22:41,KEC정문,128.3700712,36.11105703
5200,역방향,0,2021-11-03 10:22:33,2021-11-03 10:22:44,성의중고건너,128.1363653,36.11672276
20,순환,0,2021-11-03 10:22:34,2021-11-03 10:23:00,현대아파트건너,128.3168249,36.15135937
380,정방향,0,2021-11-03 10:22:35,2021-11-03 10:22:44,푸르지오캐슬B단지,128.3361004,36.12470868
360,정방향,0,2021-11-03 10:22:36,2021-11-03 10:22:47,인평초등학교,128.337783,36.07094044
185,정방향,0,2021-11-03 10:22:36,2021-11-03 10:23:19,금오산사거리,128.3358796,36.12688792
410,순환,0,2021-11-03 10:22:36,2021-11-03 10:22:50,푸르지오캐슬B단지,128.3361004,36.12470868
160,역방향,0,2021-11-03 10:22:38,2021-11-03 10:24:13,구미종합터미널건너,128.3508489,36.12267599
10,역방향,0,2021-11-03 10:22:38,2021-11-03 10:22:44,삼성코닝어드밴스앞,128.4106813,36.10248574
110,정방향,0,2021-11-03 10:22:40,2021-11-03 10:22:47,구미세무서건너,128.3830868,36.11077564
196,역방향,0,2021-11-03 10:22:40,2021-11-03 10:22:47,삼구아파트,128.4207092,36.13846753
360,역방향,0,2021-11-03 10:22:41,2021-11-03 10:22:50,상모정수도서관앞,128.3555612,36.08678789
111,역방향,0,2021-11-03 10:22:42,2021-11-03 10:22:46,약목역,128.3634218,36.03729211
884,정방향,0,2021-11-03 10:22:42,2021-11-03 10:22:56,하장3거리(하장1리방면),128.4911409,36.13688301
187,순환,0,2021-11-03 10:22:43,2021-11-03 10:24:17,구미종합터미널건너,128.3508489,36.12267599
555-1,정방향,0,2021-11-03 10:22:43,2021-11-03 10:22:49,뽕밭(작동방면),128.2194644,36.15559496
53,정방향,1,2021-11-03 10:22:45,2021-11-03 10:23:09,주공5단지건너,128.3176516,36.1406777
170,역방향,2,2021-11-03 10:22:45,2021-11-03 10:22:55,항곡현일중고등학교앞,128.348104,36.18859268
11-5,순환,0,2021-11-03 10:22:46,2021-11-03 10:22:51,복지회관건너,128.416063,35.98816853
171,역방향,0,2021-11-03 10:22:46,2021-11-03 10:22:52,예강1리(고아119안전센터건너),128.3392977,36.20033984
162,정방향,0,2021-11-03 10:22:46,2021-11-03 10:23:11,남구미자동차학원건너,128.3535503,36.07928507
303-1,순환,0,2021-11-03 10:22:47,2021-11-03 10:23:01,황상중앙시장입구건너,128.4246568,36.11331961
90,역방향,0,2021-11-03 10:22:47,2021-11-03 10:23:11,흥안골 입구,128.4152568,36.15483981
140,순환,0,2021-11-03 10:22:47,2021-11-03 10:23:08,송정동번개시장앞,128.3400031,36.12189624
11,정방향,4,2021-11-03 10:22:48,2021-11-03 10:22:56,구미경찰서건너,128.3626142,36.11631541
160,역방향,1,2021-11-03 10:22:48,2021-11-03 10:22:58,북삼현대아파트건너,128.3344823,36.06770434
885,역방향,0,2021-11-03 10:22:48,2021-11-03 10:22:57,가산면사무소,128.5387058,36.08543651
140,순환,0,2021-11-03 10:22:49,2021-11-03 10:23:23,농협,128.3331997,36.12802335
410,순환,0,2021-11-03 10:22:50,2021-11-03 10:23:00,동국방직,128.3770611,36.09806083
53-1,정방향,1,2021-11-03 10:22:52,2021-11-03 10:23:00,덕곡동건너,128.1590325,36.11884291
555-1,역방향,0,2021-11-03 10:22:52,2021-11-03 10:23:00,문성중학교건너,128.1473089,36.11882792
52-1,역방향,0,2021-11-03 10:22:52,2021-11-03 10:22:58,횡산도롱골,128.2838549,36.19567117
53,정방향,3,2021-11-03 10:22:52,2021-11-03 10:23:11,금오산사거리,128.3358796,36.12688792
111,정방향,0,2021-11-03 10:22:53,2021-11-03 10:23:25,북삼읍사무소,128.3434321,36.06268823
80,역방향,0,2021-11-03 10:22:53,2021-11-03 10:23:16,흥안골 입구,128.4152568,36.15483981
53-1,역방향,1,2021-11-03 10:22:53,2021-11-03 10:23:20,아포농공단지입구(경북과학기술고등학교방면),128.2408138,36.16680738
360,역방향,0,2021-11-03 10:22:54,2021-11-03 10:23:02,상모동(상모중학교방면),128.3553926,36.08835346
900,역방향,0,2021-11-03 10:22:54,2021-11-03 10:23:19,금오공대종점,128.3943957,36.14317057
380,정방향,0,2021-11-03 10:22:55,2021-11-03 10:23:02,가톨릭근로자문화센타,128.3378493,36.12327282
380,정방향,0,2021-11-03 10:22:56,2021-11-03 10:23:24,상모농협앞,128.3584823,36.08860523
411,순환,0,2021-11-03 10:22:57,2021-11-03 10:23:06,시청후문앞,128.3444543,36.12044819
410,순환,0,2021-11-03 10:22:57,2021-11-03 10:23:10,가톨릭근로자문화센타,128.3378493,36.12327282
20,순환,0,2021-11-03 10:22:57,2021-11-03 10:24:57,도량2동3주공,128.3225215,36.14464684
5200,역방향,0,2021-11-03 10:22:57,2021-11-03 10:23:04,감천3거리(성의중고방면),128.133778,36.11765481
360,정방향,0,2021-11-03 10:22:58,2021-11-03 10:23:08,형곡초등학교건너,128.3393659,36.10978231
60,순환,0,2021-11-03 10:22:58,2021-11-03 10:23:07,임은동코오롱하늘채앞,128.3654821,36.08665627
53,정방향,0,2021-11-03 10:22:58,2021-11-03 10:23:09,감천3거리(아랫시장방면),128.1331809,36.11786483
195,정방향,0,2021-11-03 10:22:59,2021-11-03 10:23:08,세무서네거리,128.38555399,36.11198279
11,역방향,0,2021-11-03 10:22:59,2021-11-03 10:23:44,오태2동입구,128.3566641,36.08194963
90,역방향,1,2021-11-03 10:23:00,2021-11-03 10:23:08,구포전원타운건너,128.416191,36.13135889
884-1,역방향,1,2021-11-03 10:23:00,2021-11-03 10:23:46,대구은행앞,128.3356625,36.12718339
111,역방향,0,2021-11-03 10:23:01,2021-11-03 10:23:25,복성4리(옥만이)건너,128.3612429,36.03917136
404,순환,1,2021-11-03 10:23:04,2021-11-03 10:23:46,옥계에덴타운(입구방면),128.4135189,36.14734233
340-2,순환,6,2021-11-03 10:23:04,2021-11-03 10:23:20,KEC동편앞,128.3717959,36.11117437
80,역방향,0,2021-11-03 10:23:05,2021-11-03 10:23:25,흥안골 입구,128.4152568,36.15483981
27,역방향,0,2021-11-03 10:23:06,2021-11-03 10:23:14,도량2동(선주고등학교방면),128.3225421,36.1379493
72-6,순환,0,2021-11-03 10:23:07,2021-11-03 10:23:12,죽장2리(죽장리마을회관방면),128.2687728,36.24400515
360,역방향,0,2021-11-03 10:23:08,2021-11-03 10:23:31,형곡중학교입구건너,128.333644,36.1076616
11,정방향,4,2021-11-03 10:23:08,2021-11-03 10:23:18,롯데마트건너,128.3632289,36.11409104
52-1,역방향,0,2021-11-03 10:23:09,2021-11-03 10:23:15,횡산입구건너,128.2841832,36.19797918
340,순환,0,2021-11-03 10:23:09,2021-11-03 10:23:27,풍림2차건너,128.332306,36.11171976
884,역방향,0,2021-11-03 10:23:10,2021-11-03 10:23:31,KBS네거리,128.434978,36.15415266
340,순환,0,2021-11-03 10:23:12,2021-11-03 10:23:32,삼성장미아파트건너,128.3543738,36.1149901
340,순환,0,2021-11-03 10:23:12,2021-11-03 10:23:34,형곡중학교입구건너,128.333644,36.1076616
881,정방향,0,2021-11-03 10:23:12,2021-11-03 10:23:38,진평동(인동시립도서관입구방면),128.421213,36.10397376
170,정방향,2,2021-11-03 10:23:13,2021-11-03 10:23:37,송림삼거리(문성3리방면),128.3535808,36.16345346
110,정방향,0,2021-11-03 10:23:13,2021-11-03 10:23:19,LS전선,128.3879817,36.11076285
196,역방향,0,2021-11-03 10:23:13,2021-11-03 10:23:52,4공단입구건너(인동농협옥계지점),128.4173574,36.13781552
360,정방향,0,2021-11-03 10:23:15,2021-11-03 10:23:21,북삼현대아파트,128.3348468,36.06829375
21,순환,0,2021-11-03 10:23:15,2021-11-03 10:23:21,고려병원삼거리(구미종합터미널방면),128.3438231,36.12701593
53,역방향,0,2021-11-03 10:23:16,2021-11-03 10:23:40,원평2동행정복지센터건너,128.325838,36.13129062
101,순환,0,2021-11-03 10:23:16,2021-11-03 10:23:27,,128.434978,36.15415266
24,순환,0,2021-11-03 10:23:18,2021-11-03 10:23:53,원호동(구미중학교방면),128.3300315,36.15110518
187,순환,0,2021-11-03 10:23:18,2021-11-03 10:23:36,코오롱,128.3697752,36.11073995
90,역방향,1,2021-11-03 10:23:19,2021-11-03 10:23:46,성원아파트건너,128.4155573,36.12880272
162,정방향,0,2021-11-03 10:23:19,2021-11-03 10:23:30,남구미요양병원건너,128.3520826,36.0778876
160,정방향,0,2021-11-03 10:23:20,2021-11-03 10:23:25,사곡초등학교건너,128.3589212,36.09921445
170,역방향,2,2021-11-03 10:23:20,2021-11-03 10:23:50,원평동(지산1동방면),128.3376894,36.12783197
111,역방향,0,2021-11-03 10:23:20,2021-11-03 10:23:39,광평동푸르지오아파트건너,128.3648717,36.10196117
53,정방향,3,2021-11-03 10:23:22,2021-11-03 10:23:28,원평동 행정복지센터 건너,128.3378738,36.12604377
140,순환,0,2021-11-03 10:23:22,2021-11-03 10:23:32,신평농협,128.3611767,36.12214845
174,정방향,0,2021-11-03 10:23:25,2021-11-03 10:23:48,외예리(새터방면),128.2823801,36.18361847
184,정방향,0,2021-11-03 10:23:25,2021-11-03 10:23:31,원평동 행정복지센터 건너,128.3378738,36.12604377
5200,역방향,0,2021-11-03 10:23:25,2021-11-03 10:23:43,아랫시장앞,128.1290695,36.11947072
188,순환,0,2021-11-03 10:23:25,2021-11-03 10:23:50,구평휴먼시아,128.4467747,36.09144317
101,순환,0,2021-11-03 10:23:27,2021-11-03 10:23:34,LG전자건너,128.3856606,36.08873093
555-1,정방향,0,2021-11-03 10:23:27,2021-11-03 10:23:35,말바우(제석입구방면),128.2244771,36.15693522
171,정방향,0,2021-11-03 10:23:29,2021-11-03 10:23:36,푸르지오캐슬A단지,128.3374574,36.12389806
120,역방향,0,2021-11-03 10:23:31,2021-11-03 10:23:52,중리,128.4112894,36.0800779
53,정방향,3,2021-11-03 10:23:32,2021-11-03 10:23:41,금오시장 건너,128.339623,36.12527783
95-1,정방향,0,2021-11-03 10:23:33,2021-11-03 10:23:44,삼구트리니엔건너,128.4207173,36.1383334
5000,정방향,0,2021-11-03 10:23:34,2021-11-03 10:23:45,아포읍행정복지센터건너,128.25327479,36.15963236
185,정방향,0,2021-11-03 10:23:35,2021-11-03 10:23:38,원평동 행정복지센터 건너,128.3378738,36.12604377
184,정방향,0,2021-11-03 10:23:36,2021-11-03 10:23:45,금오시장 건너,128.339623,36.12527783
92,정방향,0,2021-11-03 10:23:36,2021-11-03 10:23:52,현진아파트건너,128.4253909,36.13805015
410,순환,0,2021-11-03 10:23:37,2021-11-03 10:23:46,직물협업단지(순천향병원방면),128.3776317,36.10198048
160,정방향,0,2021-11-03 10:23:38,2021-11-03 10:23:47,사곡동(사곡동새마을방면),128.3587687,36.0973352
360,역방향,0,2021-11-03 10:23:39,2021-11-03 10:24:02,시민운동장건너,128.3526598,36.11406021
90,정방향,0,2021-11-03 10:23:40,2021-11-03 10:23:48,괴곡3거리(괴곡1리방면),128.4153566,36.16834425
380,정방향,0,2021-11-03 10:23:40,2021-11-03 10:24:15,화성파크2단지앞,128.3587056,36.08647508
190-3,정방향,0,2021-11-03 10:23:41,2021-11-03 10:23:58,각산네거리,128.434978,36.15415266
72-6,순환,0,2021-11-03 10:23:41,2021-11-03 10:23:47,죽장리마을회관(선산터미널종점방면),128.273883,36.24186785
24,순환,0,2021-11-03 10:23:41,2021-11-03 10:24:11,구미역 전(국민은행),128.3322865,36.12861582
53,정방향,0,2021-11-03 10:23:42,2021-11-03 10:23:53,성의중고앞,128.1369252,36.11657923
360,정방향,0,2021-11-03 10:23:43,2021-11-03 10:23:57,강진삼거리,128.3325861,36.06623805
340,순환,0,2021-11-03 10:23:45,2021-11-03 10:24:13,형곡금오산입구앞,128.332274,36.10891024
140,순환,0,2021-11-03 10:23:46,2021-11-03 10:23:56,강산타운아파트건너,128.3594641,36.12141381
23,순환,0,2021-11-03 10:23:46,2021-11-03 10:24:00,금오산사거리,128.434978,36.15415266
185,정방향,0,2021-11-03 10:23:46,2021-11-03 10:23:53,금오시장 건너,128.339623,36.12527783
360,역방향,0,2021-11-03 10:23:47,2021-11-03 10:23:57,형곡금오산입구건너,128.3324996,36.1089106
340-2,순환,6,2021-11-03 10:23:49,2021-11-03 10:23:59,공단본부건너,128.3767944,36.11076986
196,정방향,0,2021-11-03 10:23:49,2021-11-03 10:24:19,현진아파트건너,128.4253909,36.13805015
53,역방향,0,2021-11-03 10:23:50,2021-11-03 10:25:31,제2구미교네거리,128.434978,36.15415266
340,순환,0,2021-11-03 10:23:50,2021-11-03 10:23:59,형곡금오산입구건너,128.3324996,36.1089106
340,순환,0,2021-11-03 10:23:51,2021-11-03 10:25:03,상공회의소네거리,128.434978,36.15415266
140,순환,0,2021-11-03 10:23:52,2021-11-03 10:24:40,금오산사거리,128.3358796,36.12688792
53,정방향,1,2021-11-03 10:23:52,2021-11-03 10:24:01,도량2동(미소지움아파트건너방면),128.3215169,36.13773999
181,정방향,0,2021-11-03 10:23:52,2021-11-03 10:24:00,인동중학교앞,128.4256927,36.10884636
20,순환,0,2021-11-03 10:23:53,2021-11-03 10:24:28,구미역 전(국민은행),128.3322865,36.12861582
101,순환,0,2021-11-03 10:23:54,2021-11-03 10:24:04,태평양금속정문앞,128.3856204,36.09184851
170,정방향,2,2021-11-03 10:23:54,2021-11-03 10:24:10,문성3리(농산물도매시장방면),128.3528552,36.16068971
53,정방향,3,2021-11-03 10:23:55,2021-11-03 10:24:02,송원고가밑(터미널네거리방면),128.3421501,36.12386997
53-1,정방향,1,2021-11-03 10:23:56,2021-11-03 10:24:06,신촌(용전방면),128.1695675,36.12437415
184,정방향,0,2021-11-03 10:23:59,2021-11-03 10:24:06,송원고가밑(터미널네거리방면),128.3421501,36.12386997
171,역방향,0,2021-11-03 10:23:59,2021-11-03 10:24:23,동아백화점앞,128.3483751,36.11983363
111,정방향,0,2021-11-03 10:24:01,2021-11-03 10:24:08,구미세무서건너,128.3830868,36.11077564
303-1,순환,0,2021-11-03 10:24:02,2021-11-03 10:24:13,황상동입구(인동중학교방면),128.4254186,36.11030409
11,역방향,0,2021-11-03 10:24:02,2021-11-03 10:24:33,약목주유소건너,128.3678233,36.03153303
90,역방향,1,2021-11-03 10:24:04,2021-11-03 10:24:12,엘지이노텍앞,128.413627,36.127016
181,정방향,0,2021-11-03 10:24:05,2021-11-03 10:24:21,황상동입구(황상현대아파트방면),128.4256459,36.11041644
23,순환,0,2021-11-03 10:24:05,2021-11-03 10:24:32,대구은행앞,128.3356625,36.12718339
27,역방향,0,2021-11-03 10:24:06,2021-11-03 10:24:35,주공5단지앞,128.3179938,36.14050337
173,정방향,0,2021-11-03 10:24:07,2021-11-03 10:24:18,고아세영리첼아파트앞,128.3387223,36.15809159
90,역방향,0,2021-11-03 10:24:09,2021-11-03 10:24:19,양포파출소앞,128.4179203,36.1472047
185,정방향,0,2021-11-03 10:24:09,2021-11-03 10:24:13,송원고가밑(터미널네거리방면),128.3421501,36.12386997
195,정방향,0,2021-11-03 10:24:11,2021-11-03 10:24:20,LIG넥스원앞,128.3855943,36.11576432
360,정방향,0,2021-11-03 10:24:12,2021-11-03 10:24:31,숭오3리(마을회관),128.3309464,36.06707248
195,역방향,0,2021-11-03 10:24:13,2021-11-03 10:24:28,아사히글라스건너,128.4478893,36.14665331
555-1,역방향,0,2021-11-03 10:24:14,2021-11-03 10:24:40,지좌동(성의중고방면),128.1426165,36.11860294
884-1,역방향,1,2021-11-03 10:24:14,2021-11-03 10:24:58,구미역 전(국민은행),128.3322865,36.12861582
90,정방향,0,2021-11-03 10:24:14,2021-11-03 10:24:24,괴곡1리(괴곡2리방면),128.413456,36.1727656
24,순환,0,2021-11-03 10:24:15,2021-11-03 10:24:44,원호동(원호대우아파트앞방면),128.3306036,36.15065564
193,역방향,0,2021-11-03 10:24:15,2021-11-03 10:24:31,우림필유아파트,128.3739315,36.12272974
187,순환,0,2021-11-03 10:24:16,2021-11-03 10:24:35,공단본부건너,128.3767944,36.11076986
186,정방향,0,2021-11-03 10:24:16,2021-11-03 10:24:25,형곡중앙시장앞,128.3375395,36.10704137
52-1,역방향,0,2021-11-03 10:24:16,2021-11-03 10:24:25,고아신촌(파산리방면),128.2963519,36.20165466
900,역방향,0,2021-11-03 10:24:16,2021-11-03 10:24:25,금오공대입구(옥계중학교방면),128.3967393,36.13948442
111,역방향,0,2021-11-03 10:24:17,2021-11-03 10:24:22,새한단지앞(직물협업단지방면),128.3727988,36.10200115
111,정방향,0,2021-11-03 10:24:17,2021-11-03 10:24:23,율1리,128.3443178,36.05670996
303-1,순환,0,2021-11-03 10:24:18,2021-11-03 10:24:39,인동중학교건너,128.4254708,36.10877685
24,순환,0,2021-11-03 10:24:18,2021-11-03 10:24:27,구미중학교앞,128.3308222,36.14739747
10,정방향,0,2021-11-03 10:24:19,2021-11-03 10:24:26,효성해링턴건너,128.4076041,36.06716502
5200,역방향,0,2021-11-03 10:24:19,2021-11-03 10:24:45,삼각로타리(성남교방면),128.1238468,36.11948679
140,순환,0,2021-11-03 10:24:19,2021-11-03 10:24:30,푸르지오캐슬A단지,128.3374574,36.12389806
555-1,정방향,0,2021-11-03 10:24:20,2021-11-03 10:24:27,진등(칠산방면),128.2337299,36.15748085
10,역방향,0,2021-11-03 10:24:21,2021-11-03 10:24:45,진미동행정복지센터건너,128.4193304,36.10587721
340,순환,0,2021-11-03 10:24:24,2021-11-03 10:24:35,풍림2차앞,128.3324426,36.11167959
340,순환,0,2021-11-03 10:24:24,2021-11-03 10:24:47,형곡중학교입구,128.3336803,36.1074208
360,역방향,0,2021-11-03 10:24:25,2021-11-03 10:25:42,풍림2차앞,128.3324426,36.11167959
196,역방향,0,2021-11-03 10:24:25,2021-11-03 10:24:35,옥계대우아파트앞,128.4161283,36.13710958
111,역방향,0,2021-11-03 10:24:26,2021-11-03 10:24:43,터미널네거리(송원고가밑방면),128.3482793,36.12230851
380,정방향,0,2021-11-03 10:24:26,2021-11-03 10:24:34,형곡금호어울림앞,128.338457,36.11941619
360,역방향,0,2021-11-03 10:24:27,2021-11-03 10:24:38,상모동신빌라트앞,128.3544822,36.08945612
192,역방향,0,2021-11-03 10:24:27,2021-11-03 10:24:36,구미세무서앞,128.3835073,36.11109129
24,순환,0,2021-11-03 10:24:27,2021-11-03 10:25:08,구미역(중앙시장),128.3298341,36.12962183
404,순환,1,2021-11-03 10:24:29,2021-11-03 10:24:41,인동농협양포지점 건너,128.416775,36.14695737
29,정방향,0,2021-11-03 10:24:31,2021-11-03 10:24:41,구미역(선산노선정류장),128.3295658,36.12953268
95-1,정방향,0,2021-11-03 10:24:33,2021-11-03 10:24:43,옥계휴먼시아A,128.4240232,36.14222095
170,정방향,2,2021-11-03 10:24:34,2021-11-03 10:24:41,농산물도매시장앞,128.3518667,36.15638706
184,정방향,0,2021-11-03 10:24:34,2021-11-03 10:24:59,터미널네거리(오성예식장앞방면),128.3478662,36.12222128
380,역방향,0,2021-11-03 10:24:37,2021-11-03 10:24:42,태광산업,128.3767277,36.09903962
190,정방향,0,2021-11-03 10:24:38,2021-11-03 10:24:48,엘지연수원건너,128.3857179,36.1210508
360,역방향,0,2021-11-03 10:24:38,2021-11-03 10:24:56,숭오3리마을회관,128.3307981,36.06703224
881,정방향,0,2021-11-03 10:24:39,2021-11-03 10:25:05,인동시립도서관입구,128.4251262,36.09969915
111,정방향,0,2021-11-03 10:24:40,2021-11-03 10:25:56,구미역,128.3293215,36.12963461
181,역방향,0,2021-11-03 10:24:40,2021-11-03 10:25:23,동아백화점건너,128.3483332,36.12013148
410,순환,0,2021-11-03 10:24:40,2021-11-03 10:25:07,송정동번개시장건너,128.3405662,36.1212612
24,순환,0,2021-11-03 10:24:40,2021-11-03 10:25:06,귀빈맨션(구미여고),128.330865,36.14478695
72-2,순환,0,2021-11-03 10:24:41,2021-11-03 10:24:47,옥성(상농소방면),128.2779996,36.29685302
53,정방향,1,2021-11-03 10:24:41,2021-11-03 10:24:53,미소지움아파트건너,128.3235922,36.13443409
101,순환,0,2021-11-03 10:24:41,2021-11-03 10:24:56,태평양금속,128.3891076,36.09264166
60,순환,0,2021-11-03 10:24:42,2021-11-03 10:24:49,임오동행정복지센터건너,128.3693977,36.08892377
340-4,순환,5,2021-11-03 10:24:42,2021-11-03 10:25:05,비산사거리(금오공대아파트건너),128.3712286,36.12048045
173,정방향,0,2021-11-03 10:24:42,2021-11-03 10:25:16,원호푸르지오아파트앞,128.334764,36.15634203
21,순환,0,2021-11-03 10:24:42,2021-11-03 10:24:45,금오시장 입구,128.340973,36.12474098
160,역방향,1,2021-11-03 10:24:43,2021-11-03 10:25:07,동부늘푸른타운아파트,128.3376465,36.0705504
410,순환,0,2021-11-03 10:24:43,2021-11-03 10:25:12,순천향병원건너,128.3826807,36.10192596
160,역방향,0,2021-11-03 10:24:44,2021-11-03 10:24:58,동아백화점건너,128.3483332,36.12013148
185,정방향,0,2021-11-03 10:24:45,2021-11-03 10:25:03,터미널네거리(오성예식장앞방면),128.3478662,36.12222128
111,역방향,0,2021-11-03 10:24:47,2021-11-03 10:24:50,직물협업단지(순천향병원방면),128.3776317,36.10198048
181,정방향,0,2021-11-03 10:24:47,2021-11-03 10:24:57,황상중앙시장입구,128.4247959,36.113235
340-2,순환,6,2021-11-03 10:24:48,2021-11-03 10:25:02,엘지PDP옆,128.3819002,36.10983082
27,역방향,0,2021-11-03 10:24:49,2021-11-03 10:25:02,도봉초등학교앞,128.3154794,36.1416244
111,역방향,0,2021-11-03 10:24:49,2021-11-03 10:25:11,복성4리,128.3469552,36.04515772
187,순환,0,2021-11-03 10:24:50,2021-11-03 10:25:26,농협,128.3331997,36.12802335
110,정방향,0,2021-11-03 10:24:50,2021-11-03 10:24:55,동락공원입구,128.4038217,36.11085492
187,순환,0,2021-11-03 10:24:50,2021-11-03 10:25:16,동아백화점건너,128.3483332,36.12013148
111,정방향,0,2021-11-03 10:24:52,2021-11-03 10:25:18,율리,128.344925,36.051639
196,역방향,0,2021-11-03 10:24:52,2021-11-03 10:25:32,신나리아파트,128.4135441,36.13747946
170,역방향,2,2021-11-03 10:24:53,2021-11-03 10:25:01,예강1리(고아119안전센터건너),128.3392977,36.20033984
21,순환,0,2021-11-03 10:24:54,2021-11-03 10:25:03,원평동 행정복지 센터 앞,128.3388928,36.12581949
192,역방향,0,2021-11-03 10:24:57,2021-11-03 10:25:18,공단본부앞,128.3790454,36.11108779
171,역방향,0,2021-11-03 10:24:58,2021-11-03 10:26:36,구미종합터미널앞,128.3510414,36.12252942
174,정방향,0,2021-11-03 10:24:58,2021-11-03 10:25:03,새터(구암방면),128.2728334,36.18260123
92,정방향,0,2021-11-03 10:24:59,2021-11-03 10:25:04,4공단(우미린더스카이건너방면),128.429585,36.136961
24,순환,0,2021-11-03 10:24:59,2021-11-03 10:25:11,원호대우아파트앞,128.329198,36.15304219
404,순환,1,2021-11-03 10:25:00,2021-11-03 10:25:32,옥계대백타운입구(4공단방면),128.4186153,36.14641877
380,역방향,0,2021-11-03 10:25:00,2021-11-03 10:25:07,TK케미칼2공장앞,128.3767523,36.09552854
120,역방향,0,2021-11-03 10:25:00,2021-11-03 10:25:07,TK케미칼3공장앞,128.4065602,36.08107361
86,순환,0,2021-11-03 10:25:01,2021-11-03 10:25:57,장천버스터미널 종점,128.4944128,36.12752838
185,역방향,0,2021-11-03 10:25:01,2021-11-03 10:25:21,구미종합터미널건너,128.3508489,36.12267599
303-1,순환,0,2021-11-03 10:25:02,2021-11-03 10:25:51,인동정류장(인동사거리방면),128.4222485,36.10810857
195,역방향,0,2021-11-03 10:25:02,2021-11-03 10:25:11,동서전자건너,128.4479295,36.1422662
340,순환,0,2021-11-03 10:25:02,2021-11-03 10:26:56,구미역,128.3293215,36.12963461
5000,정방향,0,2021-11-03 10:25:04,2021-11-03 10:25:38,아포한마음아파트앞,128.2630854,36.15869946
90,정방향,0,2021-11-03 10:25:04,2021-11-03 10:25:12,괴곡2리(문양리방면),128.4080171,36.17770862
900,역방향,0,2021-11-03 10:25:06,2021-11-03 10:25:15,일이삼철강 건너,128.3964238,36.13473591
53-1,정방향,1,2021-11-03 10:25:06,2021-11-03 10:25:13,용전,128.1817609,36.1309744
181,정방향,0,2021-11-03 10:25:07,2021-11-03 10:25:17,황상주공복합상가건너,128.4249079,36.11535604
95-1,정방향,0,2021-11-03 10:25:07,2021-11-03 10:25:19,옥계우미린아파트정문,128.4263384,36.14317906
72-2,순환,0,2021-11-03 10:25:07,2021-11-03 10:25:13,상농소(중농소방면),128.2821242,36.29735854
411,순환,0,2021-11-03 10:25:07,2021-11-03 10:25:49,문화예술회관후문앞,128.3494364,36.11872169
111,역방향,0,2021-11-03 10:25:09,2021-11-03 10:25:19,송원고가밑(구미역방면),128.3439691,36.12341245
187,순환,0,2021-11-03 10:25:10,2021-11-03 10:25:16,구미세무서건너,128.3830868,36.11077564
20,순환,0,2021-11-03 10:25:10,2021-11-03 10:25:42,구미역(중앙시장),128.3298341,36.12962183
90,역방향,0,2021-11-03 10:25:11,2021-11-03 10:25:27,옥계에덴타운(종점방면),128.4139255,36.14747384
27,역방향,0,2021-11-03 10:25:11,2021-11-03 10:25:36,선주고등학교앞,128.3135908,36.14076653
20,순환,0,2021-11-03 10:25:11,2021-11-03 10:25:45,봉곡동대구은행앞,128.3127114,36.14966048
10,역방향,0,2021-11-03 10:25:12,2021-11-03 10:25:43,인동정류장(인동중학교방면),128.4225408,36.10810664
360,역방향,0,2021-11-03 10:25:12,2021-11-03 10:25:47,상모로타리앞,128.3513195,36.08869567
380,역방향,0,2021-11-03 10:25:14,2021-11-03 10:25:21,영남에너지서비스앞,128.3767635,36.09359446
92,정방향,0,2021-11-03 10:25:15,2021-11-03 10:25:33,우미린더스카이건너,128.4323692,36.13755772
171,역방향,0,2021-11-03 10:25:15,2021-11-03 10:25:37,고아읍행정복지센터앞,128.3293266,36.20984276
5200,역방향,0,2021-11-03 10:25:16,2021-11-03 10:25:26,성남교,128.1199257,36.1209813
60,순환,0,2021-11-03 10:25:19,2021-11-03 10:25:31,한염건너,128.3731543,36.08960896
111,역방향,0,2021-11-03 10:25:19,2021-11-03 10:25:51,순천향병원건너,128.3826807,36.10192596
162,정방향,0,2021-11-03 10:25:21,2021-11-03 10:25:23,오태늘푸른아파트,128.3493242,36.07180632
11,역방향,0,2021-11-03 10:25:21,2021-11-03 10:26:03,약목건너,128.3652843,36.03474077
184,정방향,0,2021-11-03 10:25:24,2021-11-03 10:26:08,오성예식장앞,128.351442,36.12119339
20,순환,0,2021-11-03 10:25:24,2021-11-03 10:25:54,한빛타운앞,128.3227141,36.14144712
101,순환,0,2021-11-03 10:25:25,2021-11-03 10:25:38,공단지구어린이공원앞,128.3894084,36.09562226
360,역방향,0,2021-11-03 10:25:25,2021-11-03 10:25:39,강진삼거리건너,128.3328899,36.06624003
195,역방향,0,2021-11-03 10:25:25,2021-11-03 10:25:33,휘닉스소재앞,128.4475765,36.14096455
181,정방향,0,2021-11-03 10:25:26,2021-11-03 10:25:49,황상1주공건너,128.4252035,36.11690724
140,순환,0,2021-11-03 10:25:26,2021-11-03 10:25:42,푸르지오캐슬B단지,128.3361004,36.12470868
29,정방향,0,2021-11-03 10:25:26,2021-11-03 10:25:38,농협,128.3331997,36.12802335
195,정방향,0,2021-11-03 10:25:26,2021-11-03 10:25:34,엘지연수원건너,128.3857179,36.1210508
160,역방향,0,2021-11-03 10:25:27,2021-11-03 10:25:47,시청후문건너,128.3442194,36.12059897
10,역방향,0,2021-11-03 10:25:27,2021-11-03 10:25:35,롯데마트앞,128.3640135,36.11334734
72-2,순환,0,2021-11-03 10:25:27,2021-11-03 10:25:33,중농소(하농소방면),128.2850083,36.29910962
884-1,역방향,1,2021-11-03 10:25:28,2021-11-03 10:25:55,구미역(중앙시장),128.3298341,36.12962183
881,정방향,0,2021-11-03 10:25:29,2021-11-03 10:26:09,진평중학교입구,128.4282777,36.09694428
188,순환,0,2021-11-03 10:25:29,2021-11-03 10:25:58,구평예다음아파트2차,128.4456187,36.09277804
111,역방향,0,2021-11-03 10:25:29,2021-11-03 10:25:32,금오시장 입구,128.340973,36.12474098
410,순환,0,2021-11-03 10:25:29,2021-11-03 10:25:51,시청후문앞,128.3444543,36.12044819
185,정방향,0,2021-11-03 10:25:30,2021-11-03 10:26:12,오성예식장앞,128.351442,36.12119339
21,순환,0,2021-11-03 10:25:30,2021-11-03 10:25:53,대구은행앞,128.3356625,36.12718339
140,순환,0,2021-11-03 10:25:31,2021-11-03 10:26:00,강산타운아파트앞,128.3596194,36.12132193
380,정방향,0,2021-11-03 10:25:31,2021-11-03 10:25:40,형곡네거리,128.3387627,36.11679033
360,정방향,0,2021-11-03 10:25:31,2021-11-03 10:25:45,형곡4주공네거리(차병원앞방면),128.3395159,36.11280649
11,역방향,0,2021-11-03 10:25:33,2021-11-03 10:25:57,화성파크2단지건너,128.3588715,36.08648701
160,역방향,1,2021-11-03 10:25:33,2021-11-03 10:25:45,인평공원서편,128.340184,36.07284565
24,순환,0,2021-11-03 10:25:34,2021-11-03 10:25:40,원평2동행정복지센터건너,128.325838,36.13129062
340-4,순환,5,2021-11-03 10:25:34,2021-11-03 10:25:47,신평e편한세상아파트,128.3668432,36.12212555
380,역방향,0,2021-11-03 10:25:35,2021-11-03 10:25:41,금오레미콘앞,128.3768441,36.09052882
23,순환,0,2021-11-03 10:25:36,2021-11-03 10:26:10,구미역 전(국민은행),128.3322865,36.12861582
90,역방향,1,2021-11-03 10:25:37,2021-11-03 10:25:47,효성티앤에스,128.4101815,36.12433277
174,정방향,0,2021-11-03 10:25:37,2021-11-03 10:26:00,구암(서당방면),128.2660692,36.18373588
11-5,순환,0,2021-11-03 10:25:37,2021-11-03 10:25:46,삼청리입구,128.4231487,35.98361494
111,역방향,0,2021-11-03 10:25:37,2021-11-03 10:25:45,원평동 행정복지 센터 앞,128.3388928,36.12581949
52-1,역방향,0,2021-11-03 10:25:38,2021-11-03 10:25:46,파산리(대망입구방면),128.3078823,36.20762283
162,정방향,0,2021-11-03 10:25:40,2021-11-03 10:25:52,창신아파트,128.3478516,36.07049884
340-2,순환,6,2021-11-03 10:25:41,2021-11-03 10:26:12,공단3주공건너,128.3819002,36.10593385
111,정방향,0,2021-11-03 10:25:41,2021-11-03 10:25:49,평생교육원앞,128.385218,36.1062245
187,순환,0,2021-11-03 10:25:42,2021-11-03 10:26:04,금오산사거리,128.3358796,36.12688792
195,역방향,0,2021-11-03 10:25:43,2021-11-03 10:25:53,콜렉터신영건너,128.445286,36.14091632
187,순환,0,2021-11-03 10:25:43,2021-11-03 10:25:49,LS전선,128.3879817,36.11076285
10,역방향,0,2021-11-03 10:25:46,2021-11-03 10:25:53,칠곡보(창마),128.4019855,36.01625139
186,정방향,0,2021-11-03 10:25:47,2021-11-03 10:26:11,형곡초등학교건너,128.3393659,36.10978231
360,역방향,0,2021-11-03 10:25:48,2021-11-03 10:25:58,송정여중입구건너,128.3482761,36.1156004
187,순환,0,2021-11-03 10:25:49,2021-11-03 10:25:58,시청후문건너,128.3442194,36.12059897
885,역방향,0,2021-11-03 10:25:50,2021-11-03 10:25:54,탑곡지 앞,128.5409643,36.10168025
10,역방향,0,2021-11-03 10:25:50,2021-11-03 10:25:59,구미경찰서,128.3632418,36.11616768
555-1,정방향,0,2021-11-03 10:25:50,2021-11-03 10:25:57,칠산(경북과학기술고등학교방면),128.2412182,36.15831631
53-1,역방향,1,2021-11-03 10:25:50,2021-11-03 10:26:14,칠산(진등방면),128.2422238,36.15864972
140,순환,0,2021-11-03 10:25:50,2021-11-03 10:26:23,가톨릭근로자문화센타,128.3378493,36.12327282
171,역방향,0,2021-11-03 10:25:51,2021-11-03 10:25:56,고아초등학교앞,128.3270058,36.2115131
90,역방향,0,2021-11-03 10:25:52,2021-11-03 10:26:54,옥계대백타운종점,128.4108553,36.1478206
11-5,순환,0,2021-11-03 10:25:53,2021-11-03 10:26:44,왜관I.C,128.434978,36.15415266
20,순환,0,2021-11-03 10:25:53,2021-11-03 10:25:59,봉곡태성아파트건너,128.3071372,36.1541679
340,순환,0,2021-11-03 10:25:54,2021-11-03 10:26:01,우방3차앞,128.3325084,36.11445282
24,순환,0,2021-11-03 10:25:54,2021-11-03 10:26:20,농산물도매시장건너,128.3522145,36.15636663
72-2,순환,0,2021-11-03 10:25:54,2021-11-03 10:26:18,하농소(초곡방면),128.2890637,36.30163588
29,정방향,0,2021-11-03 10:25:54,2021-11-03 10:26:10,금오산사거리,128.3358796,36.12688792
181,정방향,0,2021-11-03 10:25:56,2021-11-03 10:26:05,황상2주공건너,128.4269911,36.11770127
11,정방향,4,2021-11-03 10:25:56,2021-11-03 10:26:03,코오롱,128.3697752,36.11073995
70-1,순환,0,2021-11-03 10:25:58,2021-11-03 10:26:16,1호광장,128.434978,36.15415266
111,정방향,0,2021-11-03 10:26:00,2021-11-03 10:26:08,복성4리건너,128.3463232,36.04516294
53-1,정방향,1,2021-11-03 10:26:01,2021-11-03 10:26:06,초곡리(서원입구방면),128.1849817,36.1412226
80,역방향,0,2021-11-03 10:26:02,2021-11-03 10:26:08,옥계대백타운입구(4공단방면),128.4186153,36.14641877
110,정방향,0,2021-11-03 10:26:02,2021-11-03 10:26:05,LG디스플레이정문,128.4068363,36.11080917
111,정방향,0,2021-11-03 10:26:02,2021-11-03 10:26:14,복지상가앞,128.3852228,36.10373498
160,역방향,1,2021-11-03 10:26:02,2021-11-03 10:26:12,인평공원 앞,128.3420208,36.07218927
193,역방향,0,2021-11-03 10:26:02,2021-11-03 10:26:21,비산사거리(금오공대아파트건너),128.3712286,36.12048045
170,역방향,2,2021-11-03 10:26:03,2021-11-03 10:26:45,고아읍행정복지센터앞,128.3293266,36.20984276
360,역방향,0,2021-11-03 10:26:04,2021-11-03 10:26:32,우방3차앞,128.3325084,36.11445282
360,역방향,0,2021-11-03 10:26:04,2021-11-03 10:26:29,북삼현대아파트건너,128.3344823,36.06770434
80,역방향,0,2021-11-03 10:26:05,2021-11-03 10:26:14,옥계대백타운입구(4공단방면),128.4186153,36.14641877
410,순환,0,2021-11-03 10:26:05,2021-11-03 10:26:23,복지상가건너,128.3854622,36.10307033
900,역방향,0,2021-11-03 10:26:05,2021-11-03 10:26:11,양호동빈수골(엘지연수원방면),128.3911848,36.12910736
120,역방향,0,2021-11-03 10:26:06,2021-11-03 10:26:10,남구미대교(팜한농방면),128.3997049,36.08344196
27,역방향,0,2021-11-03 10:26:07,2021-11-03 10:26:29,봉곡네거리(부곡새마을방면),128.3111374,36.14029468
360,정방향,0,2021-11-03 10:26:08,2021-11-03 10:26:43,차병원앞,128.3403246,36.11480976
90,정방향,0,2021-11-03 10:26:09,2021-11-03 10:26:17,문량리(오상리방면),128.3983206,36.18257178
171,역방향,0,2021-11-03 10:26:10,2021-11-03 10:26:15,고아농공단지앞,128.3243276,36.21325735
195,역방향,0,2021-11-03 10:26:10,2021-11-03 10:26:39,구미코앞,128.4422348,36.14100575
20,순환,0,2021-11-03 10:26:10,2021-11-03 10:26:17,원평2동행정복지센터건너,128.325838,36.13129062
53,정방향,0,2021-11-03 10:26:12,2021-11-03 10:26:22,한마음타운앞,128.1530113,36.11649888
380,정방향,0,2021-11-03 10:26:12,2021-11-03 10:26:18,동우그린파크,128.3360182,36.11660504
10,역방향,0,2021-11-03 10:26:14,2021-11-03 10:26:22,호국평화기념관,128.4029979,36.01923237
52-1,역방향,0,2021-11-03 10:26:15,2021-11-03 10:26:25,대망입구(오로삼거리방면),128.3128101,36.20917244
111,역방향,0,2021-11-03 10:26:15,2021-11-03 10:26:26,복지상가건너,128.3854622,36.10307033
140,순환,0,2021-11-03 10:26:16,2021-11-03 10:26:49,구미종합터미널건너,128.3508489,36.12267599
160,역방향,1,2021-11-03 10:26:18,2021-11-03 10:26:29,북삼중학교,128.3432451,36.07129395
174,정방향,0,2021-11-03 10:26:19,2021-11-03 10:26:26,서당(백모교방면),128.2626216,36.18227604
101,순환,0,2021-11-03 10:26:19,2021-11-03 10:26:27,백셀,128.3864408,36.09749279
53,역방향,0,2021-11-03 10:26:20,2021-11-03 10:26:27,미소지움아파트앞,128.3238455,36.1344027
140,순환,0,2021-11-03 10:26:21,2021-11-03 10:26:31,신평파출소앞,128.3615389,36.12200899
555-1,역방향,0,2021-11-03 10:26:22,2021-11-03 10:26:36,성의중고건너,128.1363653,36.11672276
11,역방향,0,2021-11-03 10:26:22,2021-11-03 10:26:44,상모농협건너,128.3586395,36.08871377
20,순환,0,2021-11-03 10:26:24,2021-11-03 10:26:26,봉곡영남네오빌건너,128.3100057,36.15406345
86,순환,0,2021-11-03 10:26:25,2021-11-03 10:26:35,하장1리(하장리앞방면),128.4941005,36.13109606
380,정방향,0,2021-11-03 10:26:26,2021-11-03 10:26:51,삼도뷰앤빌건너삼거리,128.363956,36.08702075
171,정방향,0,2021-11-03 10:26:26,2021-11-03 10:26:59,대구은행앞,128.3356625,36.12718339
360,역방향,0,2021-11-03 10:26:27,2021-11-03 10:26:50,반석드림빌건너,128.3440576,36.11629523
20,순환,0,2021-11-03 10:26:27,2021-11-03 10:26:38,봉곡영남네오빌건너,128.3100057,36.15406345
10,역방향,0,2021-11-03 10:26:27,2021-11-03 10:26:36,황상동입구(황상현대아파트방면),128.4256459,36.11041644
110,정방향,0,2021-11-03 10:26:29,2021-11-03 10:26:32,삼성에스디에스,128.4110913,36.11079502
190,정방향,0,2021-11-03 10:26:29,2021-11-03 10:26:34,양호동빈수골(금오공대입구방면),128.391727,36.12907707
340-2,순환,6,2021-11-03 10:26:29,2021-11-03 10:27:03,파라디아A건너,128.3818761,36.10386082
24,순환,0,2021-11-03 10:26:29,2021-11-03 10:26:35,원평2동산업도로(도량교방면),128.3278393,36.13316801
170,역방향,2,2021-11-03 10:26:30,2021-11-03 10:26:41,지산1동(지산수우입구방면),128.345032,36.13299187
192,역방향,0,2021-11-03 10:26:33,2021-11-03 10:26:37,LG유니참앞,128.374568,36.11108251
171,역방향,0,2021-11-03 10:26:34,2021-11-03 10:26:40,오로삼거리,128.3206178,36.21456073
195,정방향,0,2021-11-03 10:26:36,2021-11-03 10:26:44,양호동빈수골(금오공대입구방면),128.391727,36.12907707
86,순환,0,2021-11-03 10:26:36,2021-11-03 10:26:46,하장리앞,128.493587,36.1321803
92,정방향,0,2021-11-03 10:26:37,2021-11-03 10:26:43,전자정보기술원(청년창업랩)건너,128.4392176,36.14026248
11,정방향,4,2021-11-03 10:26:38,2021-11-03 10:27:06,공단본부건너,128.3767944,36.11076986
110,정방향,0,2021-11-03 10:26:39,2021-11-03 10:26:46,수도가압장건너편,128.413383,36.11080431
410,순환,0,2021-11-03 10:26:39,2021-11-03 10:26:51,평생교육원건너,128.3854672,36.10623281
171,역방향,0,2021-11-03 10:26:40,2021-11-03 10:26:43,오로삼거리,128.434978,36.15415266
196,정방향,0,2021-11-03 10:26:40,2021-11-03 10:27:09,중흥S클래스앞,128.4289741,36.14018677
20,순환,0,2021-11-03 10:26:40,2021-11-03 10:27:10,봉곡영남네오빌건너,128.3100057,36.15406345
174,정방향,0,2021-11-03 10:26:42,2021-11-03 10:26:51,백모교(야동방면),128.2596374,36.1810733
111,역방향,0,2021-11-03 10:26:43,2021-11-03 10:26:54,평생교육원건너,128.3854672,36.10623281
170,정방향,2,2021-11-03 10:26:43,2021-11-03 10:26:52,문성새마을(지산2동방면),128.3496392,36.15016864
90,정방향,0,2021-11-03 10:26:43,2021-11-03 10:26:52,오상리(오상리새마을금고앞방면),128.3976914,36.1868631
10,역방향,0,2021-11-03 10:26:45,2021-11-03 10:26:50,황상현대아파트앞,128.4236464,36.11085496
195,역방향,0,2021-11-03 10:26:46,2021-11-03 10:26:55,구미전자정보기술원(청년창업랩),128.4402798,36.14083988
555-1,정방향,0,2021-11-03 10:26:47,2021-11-03 10:27:00,경북과학기술고등학교건너,128.2446836,36.15883415
380,역방향,0,2021-11-03 10:26:51,2021-11-03 10:26:59,한염앞,128.3731368,36.08999946
53,정방향,1,2021-11-03 10:26:51,2021-11-03 10:27:03,원평2동행정복지센터앞,128.3248932,36.13146971
90,역방향,0,2021-11-03 10:26:54,2021-11-03 10:27:08,옥계대백타운 출발지,128.4116754,36.14754494
10,역방향,0,2021-11-03 10:26:57,2021-11-03 10:27:03,황상신화아파트앞,128.4215948,36.11084456
